x_value,channel_1,channel_2,channel_3
0,0,0,0
1,"23
",,
2,1023,1023,"1022
"
3,1023,1023,"1023
"
4,1023,1023,"1022
"
5,1022,1023,"1022
"
6,1023,1022,"1023
"
7,1023,1023,"1023
"
8,1023,1023,"1023
"
9,1022,1023,"1023
"
10,1023,1023,"1022
"
11,1023,1023,"1023
"
12,1023,1023,"1023
"
13,1023,1023,"1022
"
14,1023,1023,"1023
"
15,1023,1023,"1023
"
16,1023,1023,"1022
"
17,1023,1023,"1022
"
18,1022,1023,"1023
"
19,1023,1023,"1022
"
20,1023,1023,"1023
"
21,1023,1023,"1023
"
22,1022,1023,"1023
"
23,1023,1023,"1023
"
24,1022,1023,"1022
"
25,1023,1023,"1023
"
26,1023,1023,"1022
"
27,1023,1023,"1022
"
28,1023,1022,"1023
"
29,1023,1023,"1023
"
30,1023,1023,"1022
"
31,1023,1023,"1023
"
32,1023,1023,"1022
"
33,1022,1023,"1023
"
34,1023,1023,"1022
"
35,1023,1023,"1023
"
36,1022,1023,"1022
"
37,1023,1023,"1023
"
38,1023,1023,"1023
"
39,1023,1023,"1023
"
40,1022,1022,"1023
"
41,1023,1022,"1022
"
42,1023,1023,"1023
"
43,1023,1023,"1022
"
44,1023,1023,"1022
"
45,1023,1023,"1022
"
46,1023,1023,"1023
"
47,1023,1023,"1022
"
48,1023,1023,"1023
"
49,1023,1023,"1023
"
50,1023,1023,"1023
"
51,1023,1023,"1023
"
52,1022,1023,"1022
"
53,1023,1023,"1023
"
54,1023,1023,"1023
"
55,1023,1023,"1023
"
56,1022,1022,"1023
"
57,1023,1023,"1023
"
58,1023,1022,"1022
"
59,1023,1023,"1023
"
60,1023,1023,"1023
"
61,1022,1023,"1023
"
62,1023,1022,"1023
"
63,1023,1023,"1023
"
64,1022,1023,"1023
"
65,1023,1023,"1023
"
66,1023,1022,"1023
"
67,1023,1022,"1022
"
68,1023,1023,"1023
"
69,1023,1022,"1023
"
70,1023,1023,"1023
"
71,1023,1023,"1022
"
72,1023,1023,"1023
"
73,1023,1023,"1022
"
74,1023,1023,"1023
"
75,1023,1023,"1023
"
76,1023,1023,"1023
"
77,1023,1022,"1023
"
78,1022,1023,"1023
"
79,1023,1023,"1023
"
80,1023,1023,"1023
"
81,1023,1022,"1023
"
82,1023,1022,"1023
"
83,1023,1023,"1023
"
84,1023,1023,"1023
"
85,1022,1022,"1023
"
86,1023,1023,"1023
"
87,1022,1023,"1022
"
88,1022,1022,"1023
"
89,1023,1023,"1023
"
90,1023,1023,"1023
"
91,1023,1023,"1022
"
92,1023,1023,"1023
"
93,1023,1023,"1023
"
94,1023,1023,"1023
"
95,1022,1023,"1023
"
96,1023,1023,"1023
"
97,1023,1023,"1022
"
98,1023,1023,"1023
"
99,1023,1022,"1023
"
100,1023,1023,"1023
"
101,1023,1023,"1023
"
102,1023,1023,"1023
"
103,1022,1023,"1023
"
104,1023,1022,"1023
"
105,1023,1023,"1023
"
106,1023,1023,"1023
"
107,1022,1023,"1023
"
108,1023,1023,"1023
"
109,1023,1022,"1023
"
110,1023,1023,"1023
"
111,1023,1023,"1023
"
112,1023,1023,"1022
"
113,1023,1023,"1023
"
114,1023,1022,"1022
"
115,1023,1023,"1022
"
116,1022,1023,"1023
"
117,1023,1023,"1023
"
118,1023,1023,"1022
"
119,1023,1022,"1023
"
120,1023,1023,"1023
"
121,1022,1023,"1022
"
122,1023,1023,"1023
"
123,1023,1023,"1023
"
124,1023,1023,"1023
"
125,1022,1023,"1023
"
126,1023,1023,"1023
"
127,1023,1023,"1023
"
128,1023,1023,"1023
"
129,1023,1023,"1022
"
130,1023,1022,"1023
"
131,1023,1023,"1023
"
132,1023,1023,"1023
"
133,1023,1023,"1023
"
134,1023,1023,"1023
"
135,1022,1022,"1023
"
136,1023,1023,"1023
"
137,1022,1023,"1023
"
138,1023,1022,"1023
"
139,1022,1023,"1023
"
140,1023,1023,"1023
"
141,1023,1023,"1023
"
142,1022,1023,"1023
"
143,1022,1022,"1023
"
144,1022,1023,"1023
"
145,1023,1022,"1023
"
146,1023,1023,"1023
"
147,1022,1023,"1023
"
148,1023,1022,"1023
"
149,1023,1023,"1023
"
150,1023,1023,"1023
"
151,1023,1023,"1023
"
152,1022,1023,"1023
"
153,1023,1022,"1022
"
154,1023,1023,"1023
"
155,1023,1023,"1023
"
156,1023,1023,"1023
"
157,1023,1023,"1023
"
158,1023,1023,"1023
"
159,1023,1023,"1023
"
160,1023,1022,"1022
"
161,1023,1023,"1023
"
162,1023,1023,"1023
"
163,1023,1023,"1023
"
164,1023,1023,"1023
"
165,1023,1023,"1022
"
166,1023,1023,"1022
"
167,1023,1023,"1023
"
168,1023,1023,"1023
"
169,1023,1022,"1023
"
170,1022,1023,"1023
"
171,1023,1023,"1023
"
172,1023,1023,"1022
"
173,1023,1023,"1023
"
174,1023,1023,"1023
"
175,1022,1022,"1023
"
176,1023,1023,"1022
"
177,1023,1023,"1023
"
178,1022,1023,"1023
"
179,1023,1023,"1023
"
180,1023,1023,"1023
"
181,1023,1023,"1023
"
182,1023,1023,"1023
"
183,1023,1023,"1023
"
184,1023,1022,"1023
"
185,1022,1022,"1023
"
186,1023,1023,"1023
"
187,1023,1023,"1023
"
188,1023,1023,"1023
"
189,1023,1022,"1023
"
190,1023,1023,"1023
"
191,1023,1023,"1023
"
192,1023,1023,"1023
"
193,1022,1022,"1023
"
194,1022,1023,"1022
"
195,1023,1023,"1022
"
196,1023,1023,"1023
"
197,1023,1023,"1023
"
198,1023,1023,"1023
"
199,1022,1023,"1023
"
200,1023,1023,"1023
"
201,1022,1023,"1023
"
202,1023,1023,"1023
"
203,1023,1023,"1023
"
204,1023,1023,"1023
"
205,1023,1023,"1023
"
206,1023,1023,"1023
"
207,1023,1023,"1023
"
208,1023,1023,"1023
"
209,1023,1023,"1023
"
210,1023,1022,"1023
"
211,1023,1023,"1023
"
212,1023,1023,"1023
"
213,1023,1023,"1023
"
214,1023,1023,"1023
"
215,1023,1023,"1023
"
216,1023,1023,"1023
"
217,1022,1023,"1023
"
218,1023,1023,"1023
"
219,1022,1023,"1023
"
220,1022,1023,"1023
"
221,1023,1023,"1022
"
222,1023,1023,"1023
"
223,1023,1023,"1023
"
224,1023,1023,"1023
"
225,1023,1023,"1023
"
226,1023,1023,"1022
"
227,1023,1023,"1023
"
228,1023,1023,"1023
"
229,1022,1023,"1023
"
230,1022,1023,"1023
"
231,1023,1022,"1023
"
232,1023,1023,"1023
"
233,1023,1023,"1023
"
234,1023,1023,"1022
"
235,1023,1023,"1023
"
236,1023,1023,"1022
"
237,1022,1023,"1023
"
238,1023,1022,"1023
"
239,1023,1023,"1022
"
240,1023,1023,"1023
"
241,1023,1023,"1023
"
242,1023,1023,"1023
"
243,1022,1023,"1022
"
244,1023,1023,"1023
"
245,1023,1023,"1023
"
246,1023,1023,"1023
"
247,1023,1023,"1023
"
248,1023,1023,"1023
"
249,1022,1023,"1022
"
250,1023,1023,"1022
"
251,1023,1022,"1022
"
252,1023,1023,"1023
"
253,1023,1023,"1023
"
254,1023,1023,"1022
"
255,1023,1023,"1022
"
256,1022,1022,"1022
"
257,1023,1023,"1022
"
258,1023,1023,"1023
"
259,1023,1022,"1023
"
260,1023,1023,"1023
"
261,1023,1023,"1023
"
262,1023,1023,"1023
"
263,1023,1023,"1023
"
264,1023,1023,"1023
"
265,1023,1023,"1023
"
266,1023,1023,"1022
"
267,1023,1023,"1023
"
268,1023,1023,"1023
"
269,1023,1023,"1022
"
270,1023,1023,"1023
"
271,1023,1023,"1023
"
272,1023,1022,"1023
"
273,1023,1023,"1022
"
274,1022,1023,"1022
"
275,1023,1023,"1022
"
276,1023,1023,"1022
"
277,1023,1023,"1022
"
278,1022,1022,"1023
"
279,1023,1023,"1023
"
280,1023,1023,"1023
"
281,1023,1023,"1023
"
282,1023,1023,"1023
"
283,1023,1023,"1023
"
284,1023,1023,"1023
"
285,1022,1023,"1023
"
286,1023,1023,"1022
"
287,1023,1023,"1023
"
288,1023,1023,"1023
"
289,1023,1023,"1023
"
290,1022,1023,"1023
"
291,1023,1023,"1022
"
292,1023,1023,"1023
"
293,1023,1023,"1023
"
294,1023,1023,"1023
"
295,1023,1023,"1022
"
296,1022,1023,"1023
"
297,1023,1023,"1023
"
298,1022,1023,"1023
"
299,1023,1023,"1023
"
300,1023,1023,"1022
"
301,1023,1023,"1023
"
302,1023,1023,"1023
"
303,1023,1023,"1022
"
304,1023,1023,"1023
"
305,1023,1023,"1022
"
306,1023,1023,"1023
"
307,1023,1023,"1023
"
308,1022,1023,"1023
"
309,1023,1023,"1023
"
310,1022,1022,"1023
"
311,1023,1023,"1022
"
312,1023,1023,"1022
"
313,1023,1023,"1023
"
314,1023,1023,"1022
"
315,1022,1022,"1023
"
316,1023,1023,"1023
"
317,1023,1023,"1023
"
318,1023,1023,"1023
"
319,1023,1022,"1023
"
320,1023,1023,"1023
"
321,1023,1023,"1023
"
322,1023,1023,"1023
"
323,1023,1023,"1023
"
324,1023,1023,"1023
"
325,1023,1023,"1023
"
326,1023,1023,"1023
"
327,1022,1022,"1022
"
328,1023,1023,"1023
"
329,1023,1023,"1023
"
330,1023,1023,"1023
"
331,1023,1023,"1023
"
332,1023,1023,"1023
"
333,1022,1023,"1023
"
334,1023,1023,"1023
"
335,1023,1022,"1023
"
336,1023,1023,"1023
"
337,1023,1023,"1023
"
338,1023,1023,"1023
"
339,1023,1023,"1023
"
340,1023,1023,"1023
"
341,1023,1022,"1022
"
342,1023,1023,"1023
"
343,1023,1023,"1023
"
344,1022,1023,"1023
"
345,1023,1023,"1023
"
346,1023,1023,"1023
"
347,1023,1023,"1023
"
348,1023,1023,"1022
"
349,1023,1023,"1023
"
350,1023,1023,"1023
"
351,1023,1023,"1023
"
352,1023,1023,"1023
"
353,1023,1023,"1022
"
354,1022,1023,"1023
"
355,1023,1023,"1023
"
356,1023,1023,"1023
"
357,1023,1023,"1022
"
358,1023,1023,"1023
"
359,1023,1022,"1023
"
360,1023,1023,"1023
"
361,1022,1023,"1023
"
362,1023,1023,"1023
"
363,1023,1023,"1023
"
364,1023,1023,"1023
"
365,1023,1023,"1023
"
366,1023,1023,"1023
"
367,1022,1023,"1023
"
368,1022,1023,"1023
"
369,1023,1023,"1023
"
370,1023,1023,"1023
"
371,1022,1023,"1023
"
372,1022,1023,"1022
"
373,1023,1023,"1023
"
374,1022,1023,"1023
"
375,1022,1022,"1023
"
376,1023,1023,"1023
"
377,1023,1022,"1023
"
378,1023,1023,"1023
"
379,1023,1023,"1023
"
380,1023,1023,"1022
"
381,1022,1023,"1023
"
382,1022,1022,"1023
"
383,1022,1023,"1023
"
384,1023,1022,"1023
"
385,1022,1023,"1022
"
386,1023,1023,"1023
"
387,1023,1023,"1023
"
388,1022,1023,"1023
"
389,1023,1023,"1023
"
390,1023,1023,"1023
"
391,1023,1023,"1023
"
392,1022,1023,"1023
"
393,1023,1023,"1023
"
394,1022,1023,"1023
"
395,1023,1023,"1023
"
396,1023,1023,"1023
"
397,1022,1023,"1023
"
398,1023,1023,"1023
"
399,1022,1023,"1023
"
400,1023,1023,"1022
"
401,1023,1023,"1023
"
402,1023,1022,"1023
"
403,1023,1023,"1023
"
404,1023,1023,"1023
"
405,1023,1023,"1023
"
406,1023,1023,"1023
"
407,1023,1023,"1023
"
408,1023,1023,"1023
"
409,1022,1023,"1023
"
410,1022,1023,"1023
"
411,1022,1023,"1023
"
412,1023,1023,"1023
"
413,1023,1023,"1023
"
414,1023,1023,"1023
"
415,1022,1023,"1023
"
416,1023,1023,"1023
"
417,1023,1023,"1023
"
418,1023,1023,"1023
"
419,1023,1023,"1023
"
420,1023,1023,"1023
"
421,1023,1023,"1023
"
422,1022,1022,"1023
"
423,1023,1023,"1023
"
424,1022,1023,"1023
"
425,1023,1022,"1023
"
426,1022,1022,"1022
"
427,1023,1023,"1023
"
428,1023,1023,"1023
"
429,1023,1023,"1022
"
430,1023,1023,"1023
"
431,1023,1022,"1023
"
432,1023,1023,"1023
"
433,1023,1023,"1023
"
434,1022,1023,"1023
"
435,1022,1023,"1023
"
436,1023,1023,"1023
"
437,1023,1023,"1023
"
438,1022,1023,"1023
"
439,1023,1023,"1022
"
440,1023,1023,"1023
"
441,1022,1023,"1022
"
442,1023,1023,"1023
"
443,1022,1023,"1023
"
444,1023,1023,"1023
"
445,1023,1022,"1023
"
446,1023,1023,"1023
"
447,1023,1022,"1023
"
448,1023,1023,"1023
"
449,1023,1023,"1022
"
450,1023,1023,"1023
"
451,1023,1023,"1022
"
452,1023,1023,"1023
"
453,1023,1022,"1023
"
454,1022,1023,"1023
"
455,1023,1023,"1023
"
456,1023,1023,"1023
"
457,1022,1023,"1023
"
458,1023,1023,"1023
"
459,1022,1023,"1023
"
460,1023,1023,"1023
"
461,1023,1023,"1022
"
462,1023,1023,"1023
"
463,1023,1022,"1023
"
464,1023,1023,"1023
"
465,1023,1023,"1023
"
466,1023,1023,"1022
"
467,1023,1023,"1022
"
468,1022,1023,"1023
"
469,1022,1022,"1022
"
470,1023,1022,"1023
"
471,1023,1023,"1023
"
472,1023,1023,"1023
"
473,1023,1023,"1023
"
474,1023,1023,"1023
"
475,1023,1023,"1022
"
476,1023,1023,"1023
"
477,1023,1023,"1022
"
478,1023,1023,"1023
"
479,1023,1023,"1022
"
480,1022,1023,"1023
"
481,1023,1023,"1023
"
482,1023,1022,"1023
"
483,1023,1023,"1023
"
484,1023,1022,"1022
"
485,1023,1022,"1023
"
486,1023,1023,"1023
"
487,1023,1023,"1023
"
488,1022,1022,"1023
"
489,1023,1023,"1023
"
490,1023,1023,"1023
"
491,1023,1023,"1022
"
492,1023,1023,"1023
"
493,1023,1023,"1023
"
494,1023,1022,"1023
"
495,1022,1023,"1023
"
496,1022,1023,"1023
"
497,1023,1023,"1023
"
498,1022,1023,"1023
"
499,1023,1023,"1023
"
500,1023,1023,"1022
"
501,1022,1023,"1023
"
502,1023,1023,"1023
"
503,1023,1023,"1023
"
504,1023,1023,"1023
"
505,1023,1022,"1023
"
506,1023,1023,"1023
"
507,1023,1023,"1023
"
508,1023,1022,"1023
"
509,1022,1023,"1023
"
510,1023,1023,"1023
"
511,1023,1023,"1023
"
512,1023,1023,"1023
"
513,1023,1023,"1023
"
514,1023,1023,"1023
"
515,1023,1023,"1023
"
516,1023,1023,"1022
"
517,1023,1023,"1023
"
518,1023,1023,"1023
"
519,1023,1023,"1023
"
520,1023,1023,"1023
"
521,1023,1023,"1023
"
522,1023,1023,"1022
"
523,1023,1023,"1023
"
524,1023,1023,"1023
"
525,1023,1023,"1023
"
526,1023,1023,"1023
"
527,1023,1023,"1023
"
528,1022,1022,"1022
"
529,1023,1022,"1023
"
530,1023,1023,"1022
"
531,1023,1023,"1023
"
532,1023,1023,"1023
"
533,1022,1023,"1023
"
534,1023,1023,"1023
"
535,1022,1023,"1023
"
536,1022,1023,"1023
"
537,1023,1023,"1023
"
538,1022,1023,"1023
"
539,1023,1023,"1023
"
540,1023,1023,"1023
"
541,1023,1023,"1023
"
542,1023,1023,"1023
"
543,1023,1023,"1023
"
544,1023,1023,"1023
"
545,1023,1023,"1023
"
546,1023,1023,"1023
"
547,1023,1023,"1023
"
548,1023,1023,"1023
"
549,1022,1022,"1023
"
550,1023,1023,"1023
"
551,1023,1023,"1023
"
552,1022,1023,"1023
"
553,1023,1023,"1023
"
554,1023,1023,"1023
"
555,1023,1023,"1023
"
556,1023,1022,"1023
"
557,1022,1023,"1023
"
558,1023,1023,"1023
"
559,0836,1023,"1023
"
560,0812,1023,"1022
"
561,0776,1023,"1023
"
562,0756,1023,"1023
"
563,0749,1023,"1023
"
564,0745,1023,"1023
"
565,0743,1023,"1023
"
566,0742,1023,"1023
"
567,0742,1023,"1023
"
568,0742,1023,"1023
"
569,0742,1023,"1023
"
570,0743,1023,"1023
"
571,0743,1023,"1023
"
572,0744,1023,"1023
"
573,0743,1023,"1023
"
574,0744,1023,"1022
"
575,0741,1023,"1023
"
576,0742,1023,"1023
"
577,0743,1023,"1023
"
578,0743,1023,"1023
"
579,0744,1022,"1023
"
580,0745,1022,"1023
"
581,0747,1023,"1023
"
582,0749,1023,"1022
"
583,0744,1023,"1023
"
584,0744,1023,"1023
"
585,0744,1023,"1023
"
586,0744,1023,"1023
"
587,0742,1023,"1023
"
588,0744,1023,"1023
"
589,0740,1023,"1023
"
590,0738,1023,"1023
"
591,0743,1023,"1023
"
592,0744,1023,"1023
"
593,0743,1023,"1023
"
594,0742,1023,"1023
"
595,0740,1023,"1023
"
596,0741,1023,"1023
"
597,0742,1023,"1023
"
598,0743,1023,"1023
"
599,0743,1023,"1023
"
600,0743,1023,"1023
"
601,0743,1023,"1023
"
602,0743,1023,"1023
"
603,0742,1023,"1023
"
604,0000,1023,"1023
"
605,0000,1023,"1022
"
606,0000,1023,"1023
"
607,0000,1023,"1022
"
608,0000,1023,"1023
"
609,0000,1023,"1023
"
610,0000,1023,"1023
"
611,0000,1023,"1023
"
612,0000,1023,"1023
"
613,0000,1023,"1023
"
614,0000,1023,"1022
"
615,0000,1022,"1022
"
616,0001,1023,"1023
"
617,0000,1023,"1023
"
618,0000,1023,"1022
"
619,0000,1023,"1023
"
620,0000,1023,"1023
"
621,0000,1023,"1022
"
622,0000,1023,"1023
"
623,0000,1023,"1023
"
624,0000,1023,"1022
"
625,0000,1023,"1022
"
626,0000,1022,"1023
"
627,0000,1023,"1023
"
628,0000,1023,"1023
"
629,0000,1023,"1023
"
630,0000,1023,"1023
"
631,0000,1022,"1023
"
632,0000,1023,"1023
"
633,0000,1023,"1022
"
634,0000,1023,"1023
"
635,0000,1023,"1023
"
636,0000,1023,"1022
"
637,0000,1022,"1023
"
638,0000,1022,"1023
"
639,0000,1023,"1023
"
640,0000,1022,"1023
"
641,0000,1023,"1022
"
642,0000,1023,"1023
"
643,0000,1023,"1023
"
644,0000,1023,"1022
"
645,0000,1023,"1022
"
646,0000,1023,"1023
"
647,0000,1022,"1023
"
648,0000,1023,"1022
"
649,0000,1023,"1023
"
650,0000,1023,"1023
"
651,0000,1023,"1023
"
652,0000,1022,"1023
"
653,0000,1023,"1023
"
654,0000,1023,"1023
"
655,0000,1023,"1023
"
656,0000,1023,"1023
"
657,0000,1023,"1023
"
658,0000,1023,"1023
"
659,0000,1023,"1023
"
660,0000,1023,"1023
"
661,0000,1022,"1022
"
662,0000,1023,"1023
"
663,0000,1023,"1023
"
664,0000,1023,"1023
"
665,0000,1022,"1023
"
666,0000,1023,"1022
"
667,0000,1022,"1023
"
668,0000,1023,"1022
"
669,0000,1023,"1023
"
670,0000,1023,"1023
"
671,0000,1023,"1023
"
672,0000,1022,"1023
"
673,0000,1023,"1023
"
674,0000,1023,"1023
"
675,0000,1023,"1023
"
676,0000,1022,"1023
"
677,0001,1023,"1023
"
678,0000,1023,"1023
"
679,0000,1022,"1023
"
680,0000,1023,"1023
"
681,0000,1023,"1023
"
682,0000,1023,"1023
"
683,0000,1023,"1023
"
684,0000,1023,"1023
"
685,0000,1023,"1022
"
686,0000,1023,"1023
"
687,0000,1022,"1022
"
688,0000,1023,"1023
"
689,0000,1022,"1023
"
690,0000,1023,"1023
"
691,0000,1023,"1023
"
692,0000,1023,"1023
"
693,0000,1022,"1023
"
694,0000,1023,"1023
"
695,0000,1023,"1022
"
696,0000,1022,"1023
"
697,0000,1023,"1023
"
698,0000,1023,"1023
"
699,0000,1023,"1023
"
700,0000,1023,"1023
"
701,0000,1022,"1023
"
702,0000,1023,"1023
"
703,0001,1023,"1023
"
704,0000,1023,"1023
"
705,0000,1023,"1023
"
706,0000,1023,"1023
"
707,0000,1023,"1023
"
708,0000,1022,"1023
"
709,0000,1023,"1023
"
710,0000,1023,"1023
"
711,0000,1023,"1023
"
712,0000,1023,"1023
"
713,0000,1023,"1022
"
714,0000,1023,"1023
"
715,0000,1023,"1023
"
716,0000,1022,"1023
"
717,0000,1023,"1023
"
718,0000,1023,"1023
"
719,0000,1023,"1022
"
720,0000,1023,"1023
"
721,0000,1023,"1023
"
722,0000,1023,"1023
"
723,0000,1022,"1023
"
724,0000,1023,"1023
"
725,0000,1023,"1023
"
726,0000,1023,"1023
"
727,0000,1023,"1022
"
728,0000,1023,"1023
"
729,0000,1023,"1023
"
730,0000,1022,"1023
"
731,0000,1022,"1023
"
732,0000,1022,"1023
"
733,0000,1023,"1023
"
734,0000,1023,"1023
"
735,0000,1023,"1023
"
736,0000,1022,"1022
"
737,0000,1023,"1023
"
738,0000,1023,"1023
"
739,0000,1023,"1023
"
740,0000,1022,"1023
"
741,0000,1023,"1023
"
742,0000,1023,"1023
"
743,0000,1023,"1023
"
744,0000,1023,"1023
"
745,0000,1023,"1023
"
746,0000,1022,"1022
"
747,0000,1023,"1023
"
748,0001,1023,"1023
"
749,0000,1023,"1022
"
750,0000,1023,"1023
"
751,0000,1023,"1023
"
752,0000,1023,"1023
"
753,0000,1023,"1023
"
754,0000,1022,"1023
"
755,0000,1023,"1022
"
756,0000,1022,"1023
"
757,0000,1022,"1023
"
758,0000,1022,"1023
"
759,0000,1022,"1023
"
760,0000,1022,"1023
"
761,0000,1023,"1023
"
762,0000,1022,"1023
"
763,0000,1023,"1023
"
764,0000,1023,"1022
"
765,0000,1022,"1023
"
766,0000,1023,"1022
"
767,0000,1022,"1022
"
768,0000,1023,"1023
"
769,0000,1023,"1023
"
770,0000,1023,"1023
"
771,0000,1023,"1023
"
772,0000,1023,"1023
"
773,0000,1023,"1023
"
774,0000,1023,"1022
"
775,0000,1023,"1023
"
776,0000,1023,"1023
"
777,0000,1023,"1023
"
778,0000,1023,"1023
"
779,0000,1023,"1023
"
780,0000,1022,"1023
"
781,0000,1023,"1023
"
782,0000,1022,"1023
"
783,0001,1022,"1023
"
784,0000,1023,"1023
"
785,0000,1023,"1023
"
786,0000,1023,"1023
"
787,0000,1023,"1023
"
788,0000,1023,"1023
"
789,0000,1023,"1023
"
790,0000,1023,"1023
"
791,0000,1023,"1023
"
792,0000,1023,"1023
"
793,0000,1023,"1022
"
794,0000,1023,"1023
"
795,0000,1023,"1023
"
796,0000,1023,"1023
"
797,0000,1023,"1023
"
798,0000,1023,"1023
"
799,0000,1023,"1023
"
800,0000,1023,"0883
"
801,0000,1023,"0821
"
802,0000,1022,"0782
"
803,0000,1023,"0768
"
804,0000,1022,"0757
"
805,0000,1023,"0755
"
806,0000,1022,"0751
"
807,0000,1022,"0749
"
808,0000,1023,"0751
"
809,0000,1023,"0751
"
810,0000,1023,"0751
"
811,0000,1023,"0751
"
812,0000,1023,"0751
"
813,0000,1023,"0751
"
814,0000,1023,"0750
"
815,0000,1023,"0750
"
816,0000,1023,"0751
"
817,0000,1023,"0752
"
818,0000,1023,"0749
"
819,0000,1022,"0748
"
820,0000,1023,"0750
"
821,0000,1023,"0750
"
822,0000,1023,"0750
"
823,0000,1023,"0750
"
824,0000,1023,"0749
"
825,0000,1023,"0747
"
826,0000,1023,"0741
"
827,0000,1023,"0735
"
828,0000,1023,"0738
"
829,0000,1023,"0744
"
830,0000,1022,"0745
"
831,0000,1023,"0749
"
832,0000,1023,"0751
"
833,0000,1023,"0751
"
834,0000,1023,"0748
"
835,0000,1023,"0747
"
836,0000,1023,"0749
"
837,0000,1023,"0750
"
838,0000,1023,"0751
"
839,0000,1023,"0751
"
840,0000,1023,"0752
"
841,0000,1023,"0752
"
842,0000,1022,"0747
"
843,0000,1023,"0749
"
844,0000,1023,"0750
"
845,0000,1023,"0747
"
846,0000,1023,"0741
"
847,0000,1023,"0745
"
848,0000,1023,"0748
"
849,0000,1023,"0751
"
850,0000,1023,"0752
"
851,0000,1023,"0750
"
852,0000,1023,"0737
"
853,0000,1022,"0000
"
854,0000,1023,"0000
"
855,0000,1022,"0000
"
856,0000,1023,"0001
"
857,0000,1023,"0000
"
858,0000,1023,"0000
"
859,0000,1023,"0000
"
860,0000,1023,"0000
"
861,0000,1023,"0000
"
862,0000,1022,"0000
"
863,0000,1023,"0000
"
864,0000,1023,"0000
"
865,0000,1023,"0000
"
866,0000,1022,"0000
"
867,0000,1022,"0000
"
868,0000,1023,"0000
"
869,0000,1022,"0000
"
870,0000,1023,"0000
"
871,0000,1022,"0000
"
872,0000,1023,"0000
"
873,0001,1022,"0000
"
874,0000,1023,"0000
"
875,0000,1022,"0000
"
876,0000,1023,"0001
"
877,0000,1023,"0000
"
878,0000,1023,"0000
"
879,0000,1023,"0000
"
880,0000,1023,"0000
"
881,0000,1023,"0000
"
882,0000,1023,"0000
"
883,0000,1023,"0000
"
884,0000,1023,"0000
"
885,0000,1023,"0000
"
886,0000,1022,"0001
"
887,0000,1023,"0000
"
888,0000,1022,"0000
"
889,0000,1023,"0000
"
890,0000,1023,"0000
"
891,0000,1022,"0000
"
892,0000,1023,"0000
"
893,0000,1023,"0001
"
894,0000,1023,"0000
"
895,0000,1022,"0000
"
896,0000,1023,"0000
"
897,0000,1023,"0000
"
898,0000,1023,"0000
"
899,0000,1022,"0000
"
900,0000,1023,"0000
"
901,0000,1023,"0000
"
902,0000,1022,"0000
"
903,0000,1023,"0000
"
904,0000,1023,"0000
"
905,0000,1022,"0000
"
906,0000,1023,"0000
"
907,0000,1023,"0000
"
908,0000,1023,"0000
"
909,0000,1022,"0000
"
910,0000,1022,"0000
"
911,0000,1023,"0000
"
912,0000,1023,"0000
"
913,0000,1023,"0000
"
914,0000,1023,"0000
"
915,0000,1023,"0000
"
916,0000,1023,"0000
"
917,0000,1023,"0000
"
918,0000,1023,"0000
"
919,0000,1022,"0001
"
920,0000,1022,"0000
"
921,0000,1022,"0000
"
922,0000,1023,"0000
"
923,0000,1022,"0000
"
924,0000,1023,"0000
"
925,0000,1023,"0000
"
926,0000,1023,"0000
"
927,0000,1023,"0000
"
928,0000,1023,"0000
"
929,0000,1023,"0000
"
930,0000,1023,"0000
"
931,0000,1023,"0000
"
932,0000,1023,"0000
"
933,0000,1023,"0000
"
934,0000,1023,"0000
"
935,0000,1022,"0000
"
936,0001,1023,"0000
"
937,0000,1023,"0000
"
938,0000,1023,"0000
"
939,0000,1023,"0000
"
940,0000,1023,"0000
"
941,0000,1023,"0000
"
942,0000,1023,"0000
"
943,0000,1023,"0000
"
944,0000,1022,"0000
"
945,0000,1022,"0000
"
946,0000,1023,"0001
"
947,0000,1022,"0000
"
948,0000,1022,"0000
"
949,0000,1023,"0000
"
950,0000,1023,"0000
"
951,0000,1023,"0000
"
952,0000,1023,"0000
"
953,0000,1023,"0000
"
954,0000,1023,"0000
"
955,0000,1023,"0001
"
956,0000,1023,"0000
"
957,0000,1022,"0000
"
958,0000,1022,"0000
"
959,0000,1022,"0000
"
960,0000,1023,"0000
"
961,0000,1023,"0000
"
962,0000,1022,"0000
"
963,0000,1022,"0000
"
964,0000,1022,"0000
"
965,0000,1023,"0000
"
966,0000,1023,"0001
"
967,0000,1023,"0000
"
968,0000,1023,"0000
"
969,0000,1023,"0000
"
970,0000,1023,"0000
"
971,0000,1023,"0000
"
972,0000,1023,"0000
"
973,0000,1023,"0000
"
974,0000,1023,"0000
"
975,0000,1022,"0000
"
976,0001,1023,"0000
"
977,0000,1023,"0000
"
978,0000,1023,"0000
"
979,0000,1023,"0000
"
980,0000,1023,"0000
"
981,0000,1023,"0000
"
982,0000,1023,"0000
"
983,0001,1023,"0001
"
984,0000,1023,"0000
"
985,0000,1023,"0000
"
986,0000,1023,"0000
"
987,0000,1023,"0001
"
988,0000,1023,"0000
"
989,0000,1023,"0000
"
990,0000,1023,"0000
"
991,0000,1023,"0000
"
992,0000,1023,"0000
"
993,0000,1023,"0000
"
994,0000,1022,"0000
"
995,0000,1023,"0000
"
996,0000,1023,"0000
"
997,0000,1023,"0000
"
998,0000,1023,"0000
"
999,0000,1023,"0000
"
1000,0000,1023,"0001
"
1001,0000,1023,"0000
"
1002,0000,1023,"0000
"
1003,0000,1023,"0000
"
1004,0000,1023,"0000
"
1005,0000,1023,"0000
"
1006,0000,1023,"0000
"
1007,0000,1022,"0000
"
1008,0000,1023,"0000
"
1009,0000,1022,"0000
"
1010,0000,1023,"0000
"
1011,0000,1023,"0000
"
1012,0000,1023,"0000
"
1013,0000,1023,"0000
"
1014,0000,1023,"0000
"
1015,0000,1023,"0000
"
1016,0000,1023,"0000
"
1017,0000,1023,"0000
"
1018,0000,1022,"0000
"
1019,0000,1023,"0000
"
1020,0000,1023,"0000
"
1021,0000,1022,"0000
"
1022,0000,1023,"0000
"
1023,0000,1022,"0000
"
1024,0000,1023,"0000
"
1025,0000,1023,"0000
"
1026,0000,1023,"0000
"
1027,0000,1023,"0000
"
1028,0000,0579,"0000
"
1029,0000,0492,"0000
"
1030,0000,0404,"0000
"
1031,0000,0341,"0164
"
1032,0000,0306,"0000
"
1033,0000,0297,"0000
"
1034,0000,0297,"0000
"
1035,0000,0298,"0000
"
1036,0000,0300,"0000
"
1037,0000,0303,"0000
"
1038,0000,0303,"0000
"
1039,0000,0303,"0000
"
1040,0000,0302,"0000
"
1041,0000,0304,"0000
"
1042,0000,0305,"0056
"
1043,0000,0304,"0000
"
1044,0000,0303,"0000
"
1045,0000,0297,"0000
"
1046,0000,0266,"0000
"
1047,0000,0280,"0000
"
1048,0000,0295,"0151
"
1049,0000,0302,"0154
"
1050,0000,0303,"0000
"
1051,0000,0303,"0120
"
1052,0000,0301,"0000
"
1053,0000,0301,"0000
"
1054,0000,0303,"0013
"
1055,0000,0304,"0000
"
1056,0000,0300,"0000
"
1057,0000,0298,"0000
"
1058,0000,0297,"0000
"
1059,0000,0297,"0000
"
1060,0000,0298,"0000
"
1061,0000,0302,"0000
"
1062,0000,0000,"0000
"
1063,0000,0000,"0000
"
1064,0000,0000,"0000
"
1065,0000,0000,"0000
"
1066,0000,0000,"0000
"
1067,0000,0000,"0000
"
1068,0000,0000,"0000
"
1069,0000,0000,"0000
"
1070,0000,0000,"0093
"
1071,0000,0000,"0000
"
1072,0000,0000,"0000
"
1073,0000,0000,"0000
"
1074,0000,0000,"0000
"
1075,0000,0000,"0000
"
1076,0000,0000,"0000
"
1077,0000,0000,"0000
"
1078,0000,0000,"0000
"
1079,0000,0000,"0000
"
1080,0001,0000,"0000
"
1081,0000,0000,"0000
"
1082,0000,0000,"0000
"
1083,0000,0000,"0000
"
1084,0000,0000,"0000
"
1085,0000,0000,"0000
"
1086,0000,0000,"0000
"
1087,0000,0000,"0000
"
1088,0000,0000,"0000
"
1089,0000,0000,"0000
"
1090,0000,0000,"0000
"
1091,0000,0000,"0000
"
1092,0000,0000,"0000
"
1093,0000,0000,"0000
"
1094,0000,0000,"0000
"
1095,0000,0000,"0000
"
1096,0000,0000,"0000
"
1097,0000,0000,"0000
"
1098,0000,0000,"0000
"
1099,0000,0000,"0000
"
1100,0000,0000,"0000
"
1101,0000,0000,"0000
"
1102,0000,0000,"0000
"
1103,0000,0000,"0000
"
1104,0000,0000,"0000
"
1105,0000,0000,"0000
"
1106,0000,0000,"0000
"
1107,0000,0000,"0000
"
1108,0000,0000,"0000
"
1109,0000,0000,"0000
"
1110,0000,0000,"0000
"
1111,0000,0000,"0000
"
1112,0000,0000,"0000
"
1113,0000,0000,"0000
"
1114,0000,0000,"0000
"
1115,0000,0000,"0000
"
1116,0000,0000,"0000
"
1117,0000,0000,"0000
"
1118,0000,0000,"0000
"
1119,0000,0000,"0000
"
1120,0000,0000,"0000
"
1121,0000,0000,"0000
"
1122,0000,0000,"0000
"
1123,0000,0000,"0000
"
1124,0000,0000,"0000
"
1125,0001,0000,"0000
"
1126,0000,0000,"0000
"
1127,0000,0000,"0000
"
1128,0000,0000,"0000
"
1129,0000,0000,"0000
"
1130,0000,0000,"0000
"
1131,0000,0000,"0000
"
1132,0000,0000,"0000
"
1133,0000,0000,"0000
"
1134,0000,0000,"0000
"
1135,0000,0000,"0000
"
1136,0000,0000,"0000
"
1137,0000,0000,"0000
"
1138,0000,0000,"0000
"
1139,0000,0000,"0000
"
1140,0000,0000,"0000
"
1141,0000,0000,"0000
"
1142,0000,0000,"0000
"
1143,0000,0000,"0000
"
1144,0000,0000,"0000
"
1145,0000,0000,"0000
"
1146,0000,0000,"0000
"
1147,0000,0000,"0000
"
1148,0000,0000,"0000
"
1149,0000,0000,"0000
"
1150,0000,0000,"0000
"
1151,0000,0000,"0000
"
1152,0000,0000,"0000
"
1153,0000,0000,"0000
"
1154,0000,0000,"0000
"
1155,0000,0000,"0000
"
1156,0000,0000,"0000
"
1157,0000,0000,"0000
"
1158,0000,0000,"0000
"
1159,0000,0000,"0000
"
1160,0000,0000,"0000
"
1161,0000,0000,"0000
"
1162,0000,0000,"0000
"
1163,0000,0000,"0000
"
1164,0001,0000,"0000
"
1165,0000,0000,"0000
"
1166,0000,0000,"0000
"
1167,0000,0000,"0000
"
1168,0000,0000,"0000
"
1169,0000,0000,"0000
"
1170,0000,0000,"0000
"
1171,0000,0000,"0000
"
1172,0000,0000,"0000
"
1173,0000,0000,"0000
"
1174,0000,0000,"0000
"
1175,0000,0000,"0000
"
1176,0000,0000,"0000
"
1177,0000,0000,"0000
"
1178,0000,0000,"0000
"
1179,0000,0000,"0000
"
1180,0000,0000,"0000
"
1181,0000,0000,"0000
"
1182,0000,0000,"0000
"
1183,0000,0000,"0000
"
1184,0000,0000,"0000
"
1185,0000,0000,"0000
"
1186,0000,0000,"0000
"
1187,0000,0000,"0000
"
1188,0000,0000,"0000
"
1189,0001,0000,"0000
"
1190,0000,0000,"0000
"
1191,0000,0000,"0000
"
1192,0000,0000,"0000
"
1193,0000,0000,"0000
"
1194,0000,0000,"0000
"
1195,0000,0000,"0050
"
1196,0000,0000,"0000
"
1197,0000,0000,"0000
"
1198,0000,0000,"0000
"
1199,0000,0000,"0000
"
1200,0001,0000,"0000
"
1201,0000,0000,"0000
"
1202,0000,0000,"0000
"
1203,0000,0000,"0000
"
1204,0000,0000,"0000
"
1205,0001,0000,"0000
"
1206,0000,0000,"0016
"
1207,0000,0000,"0000
"
1208,0000,0000,"0000
"
1209,0000,0000,"0000
"
1210,0000,0000,"0000
"
1211,0000,0000,"0000
"
1212,0000,0000,"0000
"
1213,0000,0000,"0000
"
1214,0000,0000,"0053
"
1215,0000,0000,"0007
"
1216,0000,0000,"0004
"
1217,0000,0000,"0002
"
1218,0000,0000,"0002
"
1219,0000,0000,"0000
"
1220,0000,0000,"0000
"
1221,0000,0000,"0000
"
1222,0000,0000,"0000
"
1223,0000,0000,"0000
"
1224,0000,0000,"0000
"
1225,0000,0000,"0000
"
1226,0000,0000,"0000
"
1227,0000,0000,"0000
"
1228,0000,0000,"0000
"
1229,0000,0000,"0000
"
1230,0000,0000,"0000
"
1231,0000,0000,"0000
"
1232,0000,0000,"0000
"
1233,0000,0000,"0000
"
1234,0000,0000,"0000
"
1235,0000,0000,"0000
"
1236,0001,0000,"0000
"
1237,0000,0000,"0000
"
1238,0000,0000,"0000
"
1239,0000,0000,"0000
"
1240,0000,0000,"0000
"
1241,0000,0000,"0000
"
1242,0000,0000,"0000
"
1243,0000,0000,"0000
"
1244,0001,0000,"0000
"
1245,0000,0000,"0000
"
1246,0000,0000,"0000
"
1247,0000,0000,"0000
"
1248,0000,0000,"0000
"
1249,0000,0000,"0000
"
1250,0000,0000,"0000
"
1251,0000,0000,"0000
"
1252,0000,0000,"0000
"
1253,0000,0000,"0000
"
1254,0000,0000,"0000
"
1255,0000,0000,"0000
"
1256,0000,0000,"0000
"
1257,0000,0000,"0000
"
1258,0000,0000,"0000
"
1259,0000,0000,"0000
"
1260,0000,0000,"0000
"
1261,0000,0000,"0000
"
1262,0000,0000,"0000
"
1263,0000,0000,"0000
"
1264,0000,0000,"0000
"
1265,0000,0000,"0000
"
1266,0000,0000,"0000
"
1267,0000,0000,"0000
"
1268,0000,0000,"0000
"
1269,0001,0000,"0000
"
1270,0000,0000,"0000
"
1271,0000,0000,"0000
"
1272,0000,0000,"0000
"
1273,0000,0000,"0000
"
1274,0000,0000,"0000
"
1275,0000,0000,"0000
"
1276,0000,0000,"0000
"
1277,0000,0000,"0000
"
1278,0000,0000,"0000
"
1279,0000,0000,"0000
"
1280,0000,0000,"0000
"
1281,0000,0000,"0000
"
1282,0000,0000,"0000
"
1283,0000,0000,"0000
"
1284,0000,0000,"0000
"
1285,0000,0000,"0000
"
1286,0000,0000,"0000
"
1287,0000,0000,"0000
"
1288,0000,0000,"0000
"
1289,0000,0000,"0000
"
1290,0000,0000,"0000
"
1291,0000,0000,"0000
"
1292,0000,0000,"0000
"
1293,0000,0000,"0000
"
1294,0001,0000,"0000
"
1295,0001,0000,"0000
"
1296,0000,0000,"0000
"
1297,0000,0000,"0000
"
1298,0000,0000,"0000
"
1299,0000,0000,"0000
"
1300,0000,0000,"0000
"
1301,0000,0000,"0000
"
1302,0000,0000,"0000
"
1303,0000,0000,"0000
"
1304,0000,0000,"0000
"
1305,0000,0000,"0000
"
1306,0001,0000,"0000
"
1307,0000,0000,"0000
"
1308,0000,0000,"0000
"
1309,0000,0000,"0000
"
1310,0000,0000,"0000
"
1311,0001,0000,"0000
"
1312,0000,0000,"0000
"
1313,0000,0000,"0000
"
1314,0000,0000,"0000
"
1315,0000,0000,"0000
"
1316,0000,0000,"0000
"
1317,0000,0000,"0000
"
1318,0000,0000,"0000
"
1319,0001,0000,"0000
"
1320,0000,0000,"0000
"
1321,0000,0000,"0000
"
1322,0000,0000,"0000
"
1323,0001,0000,"0000
"
1324,0000,0000,"0000
"
1325,0000,0000,"0000
"
1326,0000,0000,"0000
"
1327,0000,0000,"0000
"
1328,0000,0000,"0000
"
1329,0001,0000,"0000
"
1330,0000,0001,"0000
"
1331,0000,0000,"0000
"
1332,0000,0000,"0000
"
1333,0000,0000,"0000
"
1334,0000,0000,"0000
"
1335,0000,0000,"0000
"
1336,0000,0000,"0000
"
1337,0001,0000,"0000
"
1338,0001,0000,"0000
"
1339,0000,0000,"0000
"
1340,0000,0000,"0000
"
1341,0000,0000,"0000
"
1342,0000,0000,"0000
"
1343,0000,0000,"0000
"
1344,0000,0000,"0000
"
1345,0000,0000,"0000
"
1346,0000,0000,"0000
"
1347,0000,0000,"0000
"
1348,0001,0000,"0000
"
1349,0000,0000,"0000
"
1350,0000,0000,"0000
"
1351,0000,0000,"0000
"
1352,0000,0000,"0000
"
1353,0001,0000,"0000
"
1354,0000,0000,"0000
"
1355,0000,0000,"0000
"
1356,0000,0000,"0000
"
1357,0000,0000,"0000
"
1358,0000,0000,"0000
"
1359,0000,0000,"0000
"
1360,0000,0000,"0000
"
1361,0000,0000,"0000
"
1362,0000,0000,"0000
"
1363,0000,0000,"0000
"
1364,0001,0000,"0000
"
1365,0000,0000,"0000
"
1366,0000,0001,"0000
"
1367,0001,0000,"0000
"
1368,0000,0000,"0000
"
1369,0000,0000,"0000
"
1370,0001,0000,"0000
"
1371,0000,0000,"0000
"
1372,0001,0000,"0000
"
1373,0001,0000,"0000
"
1374,0000,0000,"0000
"
1375,0000,0000,"0000
"
1376,0000,0000,"0000
"
1377,0000,0000,"0000
"
1378,0000,0000,"0000
"
1379,0000,0000,"0000
"
1380,0000,0000,"0000
"
1381,0000,0000,"0000
"
1382,0000,0000,"0000
"
1383,0000,0000,"0000
"
1384,0000,0000,"0000
"
1385,0000,0001,"0000
"
1386,0000,0000,"0000
"
1387,0001,0000,"0000
"
1388,0000,0000,"0000
"
1389,0000,0000,"0000
"
1390,0000,0000,"0000
"
1391,0000,0000,"0000
"
1392,0000,0000,"0000
"
1393,0000,0000,"0000
"
1394,0000,0000,"0000
"
1395,0001,0000,"0000
"
1396,0000,0000,"0000
"
1397,0000,0000,"0000
"
1398,0000,0000,"0000
"
1399,0000,0000,"0000
"
1400,0000,0000,"0000
"
1401,0000,0000,"0000
"
1402,0000,0000,"0000
"
1403,0000,0000,"0000
"
1404,0000,0000,"0000
"
1405,0000,0000,"0000
"
1406,0000,0000,"0000
"
1407,0000,0000,"0000
"
1408,0000,0000,"0000
"
1409,0000,0000,"0000
"
1410,0001,0000,"0000
"
1411,0000,0000,"0000
"
1412,0000,0000,"0000
"
1413,0000,0000,"0000
"
1414,0000,0000,"0000
"
1415,0000,0000,"0000
"
1416,0000,0000,"0000
"
1417,0000,0000,"0000
"
1418,0000,0000,"0000
"
1419,0000,0000,"0000
"
1420,0000,0000,"0000
"
1421,0000,0000,"0000
"
1422,0000,0000,"0000
"
1423,0000,0000,"0000
"
1424,0000,0000,"0000
"
1425,0000,0000,"0000
"
1426,0000,0001,"0000
"
1427,0000,0000,"0000
"
1428,0001,0000,"0000
"
1429,0000,0000,"0000
"
1430,0000,0000,"0000
"
1431,0000,0000,"0000
"
1432,0000,0000,"0000
"
1433,0000,0000,"0000
"
1434,0000,0000,"0000
"
1435,0000,0000,"0000
"
1436,0000,0000,"0000
"
1437,0000,0000,"0000
"
1438,0000,0000,"0000
"
1439,0000,0000,"0000
"
1440,0000,0000,"0000
"
1441,0001,0000,"0000
"
1442,0000,0000,"0000
"
1443,0000,0000,"0000
"
1444,0000,0000,"0000
"
1445,0001,0000,"0000
"
1446,0000,0000,"0000
"
1447,0000,0000,"0000
"
1448,0000,0000,"0000
"
1449,0000,0000,"0000
"
1450,0001,0000,"0000
"
1451,0000,0000,"0000
"
1452,0000,0000,"0000
"
1453,0000,0000,"0000
"
1454,0000,0000,"0000
"
1455,0000,0000,"0000
"
1456,0000,0000,"0000
"
1457,0000,0000,"0000
"
1458,0000,0000,"0000
"
1459,0000,0000,"0000
"
1460,0000,0000,"0000
"
1461,0000,0000,"0000
"
1462,0000,0000,"0000
"
1463,0000,0001,"0000
"
1464,0000,0000,"0000
"
1465,0001,0000,"0000
"
1466,0000,0000,"0000
"
1467,0000,0000,"0000
"
1468,0000,0000,"0000
"
1469,0001,0000,"0000
"
1470,0000,0000,"0000
"
1471,0000,0001,"0000
"
1472,0001,0000,"0000
"
1473,0000,0000,"0000
"
1474,0000,0000,"0000
"
1475,0000,0000,"0000
"
1476,0000,0000,"0000
"
1477,0000,0000,"0000
"
1478,0000,0000,"0000
"
1479,0001,0000,"0000
"
1480,0000,0000,"0000
"
1481,0000,0000,"0000
"
1482,0001,0000,"0000
"
1483,0000,0000,"0000
"
1484,0000,0000,"0000
"
1485,0000,0000,"0000
"
1486,0000,0000,"0000
"
1487,0000,0000,"0000
"
1488,0000,0000,"0000
"
1489,0000,0000,"0000
"
1490,0000,0000,"0000
"
1491,0000,0000,"0000
"
1492,0000,0000,"0000
"
1493,0000,0000,"0000
"
1494,0000,0000,"0000
"
1495,0000,0000,"0000
"
1496,0000,0000,"0000
"
1497,0000,0000,"0000
"
1498,0000,0000,"0000
"
1499,0000,0000,"0000
"
1500,0000,0000,"0000
"
1501,0001,0000,"0000
"
1502,0000,0000,"0000
"
1503,0000,0000,"0000
"
1504,0000,0001,"0000
"
1505,0000,0000,"0000
"
1506,0000,0000,"0000
"
1507,0000,0000,"0000
"
1508,0000,0000,"0000
"
1509,0000,0000,"0000
"
1510,0000,0000,"0000
"
1511,0000,0000,"0000
"
1512,0000,0000,"0000
"
1513,0000,0000,"0000
"
1514,0000,0000,"0000
"
1515,0000,0000,"0000
"
1516,0000,0000,"0000
"
1517,0001,0000,"0000
"
1518,0001,0000,"0000
"
1519,0000,0000,"0000
"
1520,0000,0000,"0000
"
1521,0000,0000,"0000
"
1522,0000,0000,"0000
"
1523,0000,0000,"0000
"
1524,0000,0000,"0000
"
1525,0001,0000,"0000
"
1526,0000,0000,"0000
"
1527,0000,0000,"0000
"
1528,0000,0000,"0000
"
1529,0001,0000,"0000
"
1530,0000,0000,"0000
"
1531,0000,0000,"0000
"
1532,0000,0000,"0000
"
1533,0000,0000,"0000
"
1534,0000,0000,"0000
"
1535,0001,0000,"0000
"
1536,0000,0000,"0000
"
1537,0000,0000,"0000
"
1538,0000,0000,"0000
"
1539,0000,0000,"0000
"
1540,0000,0000,"0000
"
1541,0000,0000,"0000
"
1542,0001,0000,"0000
"
1543,0000,0000,"0000
"
1544,0000,0000,"0000
"
1545,0000,0000,"0000
"
1546,0000,0000,"0000
"
1547,0000,0000,"0000
"
1548,0000,0000,"0000
"
1549,0000,0000,"0000
"
1550,0000,0000,"0000
"
1551,0000,0000,"0000
"
1552,0000,0000,"0000
"
1553,0000,0000,"0000
"
1554,0000,0000,"0000
"
1555,0000,0000,"0000
"
1556,0000,0000,"0000
"
1557,0000,0000,"0000
"
1558,0001,0000,"0000
"
1559,0000,0000,"0000
"
1560,0000,0000,"0000
"
1561,0000,0001,"0000
"
1562,0000,0000,"0000
"
1563,0001,0000,"0000
"
1564,0000,0000,"0000
"
1565,0000,0000,"0000
"
1566,0000,0000,"0000
"
1567,0000,0000,"0000
"
1568,0000,0000,"0000
"
1569,0000,0000,"0000
"
1570,0000,0000,"0000
"
1571,0000,0000,"0000
"
1572,0000,0000,"0000
"
1573,0000,0000,"0000
"
1574,0000,0000,"0000
"
1575,0000,0000,"0000
"
1576,0000,0000,"0000
"
1577,0000,0001,"0000
"
1578,0000,0000,"0000
"
1579,0000,0000,"0000
"
1580,0000,0000,"0000
"
1581,0000,0000,"0000
"
1582,0000,0000,"0000
"
1583,0000,0000,"0000
"
1584,0000,0000,"0000
"
1585,0000,0000,"0000
"
1586,0000,0000,"0000
"
1587,0000,0000,"0000
"
1588,0000,0000,"0000
"
1589,0000,0000,"0000
"
1590,0001,0000,"0000
"
1591,0000,0000,"0000
"
1592,0000,0000,"0000
"
1593,0001,0000,"0000
"
1594,0000,0000,"0000
"
1595,0000,0000,"0000
"
1596,0000,0000,"0000
"
1597,0001,0000,"0000
"
1598,0000,0000,"0000
"
1599,0000,0000,"0000
"
1600,0000,0000,"0000
"
1601,0000,0000,"0000
"
1602,0001,0000,"0000
"
1603,0000,0000,"0000
"
1604,0000,0000,"0000
"
1605,0000,0000,"0000
"
1606,0000,0000,"0000
"
1607,0000,0000,"0000
"
1608,0000,0000,"0000
"
1609,0000,0000,"0000
"
1610,0000,0000,"0000
"
1611,0000,0000,"0000
"
1612,0000,0000,"0000
"
1613,0000,0000,"0000
"
1614,0000,0000,"0000
"
1615,0000,0000,"0000
"
1616,0000,0000,"0000
"
1617,0000,0000,"0000
"
1618,0000,0000,"0000
"
1619,0000,0000,"0000
"
1620,0000,0000,"0000
"
1621,0000,0000,"0000
"
1622,0000,0000,"0000
"
1623,0000,0000,"0000
"
1624,0000,0000,"0000
"
1625,0000,0000,"0000
"
1626,0000,0000,"0000
"
1627,0000,0000,"0000
"
1628,0000,0000,"0000
"
1629,0000,0000,"0000
"
1630,0000,0000,"0000
"
1631,0000,0000,"0000
"
1632,0000,0000,"0000
"
1633,0000,0000,"0000
"
1634,0000,0000,"0000
"
1635,0000,0000,"0000
"
1636,0000,0000,"0000
"
1637,0000,0000,"0000
"
1638,0000,0000,"0000
"
1639,0000,0000,"0000
"
1640,0000,0000,"0000
"
1641,0000,0000,"0000
"
1642,0000,0000,"0000
"
1643,0000,0000,"0000
"
1644,0000,0000,"0000
"
1645,0000,0000,"0000
"
1646,0000,0000,"0001
"
1647,0000,0000,"0000
"
1648,0000,0000,"0000
"
1649,0000,0000,"0000
"
1650,0000,0000,"0000
"
1651,0001,0000,"0000
"
1652,0000,0000,"0000
"
1653,0000,0000,"0000
"
1654,0000,0000,"0001
"
1655,0000,0000,"0001
"
1656,0000,0000,"0000
"
1657,0001,0000,"0000
"
1658,0000,0000,"0000
"
1659,0000,0000,"0000
"
1660,0000,0000,"0000
"
1661,0000,0000,"0000
"
1662,0000,0000,"0000
"
1663,0000,0000,"0000
"
1664,0000,0000,"0000
"
1665,0000,0000,"0000
"
1666,0000,0000,"0000
"
1667,0000,0000,"0000
"
1668,0000,0000,"0000
"
1669,0000,0000,"0000
"
1670,0000,0000,"0000
"
1671,0000,0000,"0000
"
1672,0000,0000,"0000
"
1673,0000,0000,"0000
"
1674,0000,0000,"0000
"
1675,0000,0000,"0000
"
1676,0000,0000,"0000
"
1677,0000,0000,"0000
"
1678,0197,0000,"0000
"
1679,0268,0281,"0000
"
1680,0275,0416,"0000
"
1681,0278,0458,"0006
"
1682,0293,0445,"0000
"
1683,0284,0467,"0000
"
1684,0282,0471,"0000
"
1685,0281,0472,"0000
"
1686,0281,0474,"0000
"
1687,0282,0474,"0000
"
1688,0284,0477,"0000
"
1689,0286,0479,"0000
"
1690,0286,0473,"0000
"
1691,0284,0477,"0000
"
1692,0285,0479,"0000
"
1693,0281,0455,"0000
"
1694,0273,0429,"0000
"
1695,0274,0419,"0000
"
1696,0282,0408,"0000
"
1697,0283,0409,"0000
"
1698,0283,0437,"0000
"
1699,0284,0455,"0000
"
1700,0284,0468,"0000
"
1701,0284,0472,"0000
"
1702,0284,0471,"0000
"
1703,0283,0470,"0000
"
1704,0284,0469,"0000
"
1705,0285,0471,"0000
"
1706,0284,0471,"0000
"
1707,0285,0451,"0000
"
1708,0286,0466,"0000
"
1709,0285,0480,"0000
"
1710,0284,0478,"0000
"
1711,0284,0473,"0000
"
1712,0279,0477,"0000
"
1713,0277,0465,"0000
"
1714,0280,0463,"0000
"
1715,0277,0462,"0000
"
1716,0278,0464,"0000
"
1717,0285,0475,"0000
"
1718,0285,0479,"0000
"
1719,0280,0472,"0000
"
1720,0278,0477,"0000
"
1721,0280,0474,"0000
"
1722,0273,0464,"0000
"
1723,0269,0452,"0000
"
1724,0276,0461,"0000
"
1725,0280,0469,"0000
"
1726,0283,0479,"0000
"
1727,0285,0480,"0000
"
1728,0287,0481,"0000
"
1729,0296,0442,"0000
"
1730,0272,0438,"0000
"
1731,0245,0446,"0000
"
1732,0279,0459,"0000
"
1733,0260,0429,"0000
"
1734,0272,0440,"0000
"
1735,0274,0444,"0000
"
1736,0279,0457,"0000
"
1737,0283,0481,"0000
"
1738,0272,0467,"0000
"
1739,0281,0470,"0000
"
1740,0295,0453,"0000
"
1741,0291,0442,"0000
"
1742,0288,0429,"0000
"
1743,0289,0438,"0000
"
1744,0278,0436,"0000
"
1745,0277,0437,"0000
"
1746,0286,0469,"0000
"
1747,0283,0784,"0000
"
1748,0277,0822,"0000
"
1749,0277,0803,"0000
"
1750,0278,0731,"0000
"
1751,0279,0689,"0000
"
1752,0280,0679,"0000
"
1753,0282,0658,"0000
"
1754,0284,0630,"0000
"
1755,0290,0509,"0000
"
1756,0285,0688,"0000
"
1757,0283,0700,"0000
"
1758,0283,0653,"0000
"
1759,0283,0676,"0000
"
1760,0288,0679,"0000
"
1761,0284,0691,"0000
"
1762,0282,0630,"0000
"
1763,0290,0558,"0000
"
1764,0293,0493,"0000
"
1765,0285,0483,"0000
"
1766,0284,0477,"0000
"
1767,0285,0477,"0000
"
1768,0286,0483,"0000
"
1769,0303,0442,"0001
"
1770,0308,0459,"0000
"
1771,0300,0452,"0000
"
1772,0297,0443,"0000
"
1773,0293,0432,"0000
"
1774,0289,0444,"0000
"
1775,0287,0480,"0000
"
1776,0286,0473,"0000
"
1777,0288,0426,"0186
"
1778,0372,0462,"0171
"
1779,0375,0481,"0126
"
1780,0395,0482,"0000
"
1781,0319,0500,"0000
"
1782,0325,0466,"0000
"
1783,0305,0476,"0109
"
1784,0342,0492,"0000
"
1785,0308,0484,"0034
"
1786,0309,0487,"0000
"
1787,0293,0436,"0000
"
1788,0286,0465,"0000
"
1789,0537,0524,"0000
"
1790,0557,0533,"0000
"
1791,0544,0514,"0000
"
1792,0557,0532,"0000
"
1793,0473,0537,"0000
"
1794,0406,0522,"0000
"
1795,0324,0474,"0000
"
1796,0301,0460,"0000
"
1797,0279,0464,"0000
"
1798,0286,0472,"0000
"
1799,0292,0440,"0000
"
1800,0290,0428,"0000
"
1801,0288,0422,"0000
"
1802,0287,0460,"0000
"
1803,0285,0470,"0000
"
1804,0284,0482,"0000
"
1805,0281,0475,"0000
"
1806,0281,0472,"0000
"
1807,0283,0476,"0000
"
1808,0283,0475,"0000
"
1809,0279,0471,"0000
"
1810,0280,0465,"0000
"
1811,0283,0470,"0000
"
1812,0284,0474,"0000
"
1813,0284,0474,"0000
"
1814,0283,0473,"0000
"
1815,0281,0469,"0000
"
1816,0280,0466,"0000
"
1817,0280,0466,"0000
"
1818,0281,0468,"0000
"
1819,0282,0470,"0000
"
1820,0284,0477,"0000
"
1821,0285,0479,"0000
"
1822,0283,0476,"0000
"
1823,0283,0478,"0000
"
1824,0286,0485,"0000
"
1825,0336,0402,"0000
"
1826,0354,0399,"0000
"
1827,0359,0410,"0000
"
1828,0349,0411,"0000
"
1829,0333,0384,"0000
"
1830,0320,0359,"0000
"
1831,0309,0379,"0000
"
1832,0316,0389,"0000
"
1833,0328,0380,"0000
"
1834,0328,0379,"0000
"
1835,0327,0383,"0000
"
1836,0330,0383,"0000
"
1837,0296,0377,"0000
"
1838,0293,0417,"0000
"
1839,0298,0438,"0000
"
1840,0294,0435,"0000
"
1841,0288,0418,"0000
"
1842,0288,0413,"0000
"
1843,0285,0447,"0000
"
1844,0278,0449,"0000
"
1845,0276,0448,"0000
"
1846,0281,0458,"0000
"
1847,0286,0473,"0000
"
1848,0286,0478,"0000
"
1849,0284,0478,"0000
"
1850,0283,0482,"0000
"
1851,0284,0483,"0000
"
1852,0286,0487,"0000
"
1853,0289,0448,"0000
"
1854,0293,0442,"0000
"
1855,0296,0437,"0000
"
1856,0306,0454,"0000
"
1857,0346,0431,"0000
"
1858,0373,0437,"0000
"
1859,0373,0438,"0000
"
1860,0371,0436,"0000
"
1861,0371,0432,"0000
"
1862,0358,0405,"0000
"
1863,0345,0412,"0000
"
1864,0272,0425,"0000
"
1865,0267,0432,"0000
"
1866,0268,0431,"0000
"
1867,0263,0422,"0000
"
1868,0264,0413,"0000
"
1869,0269,0420,"0000
"
1870,0272,0432,"0000
"
1871,0278,0450,"0000
"
1872,0284,0465,"0000
"
1873,0291,0440,"0000
"
1874,0295,0439,"0000
"
1875,0297,0442,"0000
"
1876,0295,0441,"0000
"
1877,0289,0425,"0000
"
1878,0290,0425,"0000
"
1879,0292,0426,"0000
"
1880,0291,0423,"0000
"
1881,0289,0414,"0000
"
1882,0288,0410,"0000
"
1883,0291,0416,"0000
"
1884,0288,0409,"0000
"
1885,0285,0451,"0000
"
1886,0284,0468,"0000
"
1887,0275,0463,"0000
"
1888,0284,0475,"0000
"
1889,0282,0478,"0000
"
1890,0286,0494,"0000
"
1891,0270,0477,"0000
"
1892,0258,0461,"0000
"
1893,0240,0474,"0000
"
1894,0265,0446,"0000
"
1895,0271,0449,"0000
"
1896,0277,0462,"0000
"
1897,0281,0469,"0000
"
1898,0281,0468,"0000
"
1899,0283,0475,"0000
"
1900,0287,0485,"0000
"
1901,0284,0479,"0000
"
1902,0283,0476,"0000
"
1903,0284,0479,"0000
"
1904,0284,0476,"0000
"
1905,0281,0470,"0000
"
1906,0283,0475,"0000
"
1907,0287,0482,"0000
"
1908,0294,0452,"0000
"
1909,0310,0422,"0000
"
1910,0392,0439,"0000
"
1911,0371,0431,"0000
"
1912,0361,0408,"0000
"
1913,0344,0411,"0000
"
1914,0344,0411,"0000
"
1915,0272,0388,"0000
"
1916,0266,0408,"0000
"
1917,0270,0428,"0000
"
1918,0276,0443,"0000
"
1919,0275,0446,"0000
"
1920,0280,0458,"0000
"
1921,0290,0433,"0000
"
1922,0289,0418,"0000
"
1923,0290,0418,"0000
"
1924,0297,0429,"0000
"
1925,0297,0431,"0000
"
1926,0313,0457,"0000
"
1927,0318,0465,"0000
"
1928,0290,0445,"0000
"
1929,0234,0524,"0000
"
1930,0209,0490,"0000
"
1931,0185,0543,"0000
"
1932,0197,0471,"0000
"
1933,0252,0476,"0000
"
1934,0272,0462,"0000
"
1935,0279,0469,"0000
"
1936,0279,0472,"0000
"
1937,0281,0471,"0000
"
1938,0283,0473,"0000
"
1939,0283,0472,"0000
"
1940,0289,0436,"0000
"
1941,0304,0451,"0000
"
1942,0337,0412,"0000
"
1943,0364,0420,"0000
"
1944,0358,0405,"0000
"
1945,0501,0578,"0000
"
1946,0497,0559,"0000
"
1947,0488,0547,"0000
"
1948,0471,0533,"0000
"
1949,0432,0495,"0000
"
1950,0417,0442,"0000
"
1951,0291,0433,"0000
"
1952,0273,0442,"0000
"
1953,0281,0456,"0000
"
1954,0281,0463,"0000
"
1955,0277,0459,"0000
"
1956,0275,0456,"0000
"
1957,0276,0455,"0000
"
1958,0274,0452,"0000
"
1959,0278,0461,"0000
"
1960,0286,0474,"0000
"
1961,0296,0449,"0000
"
1962,0309,0464,"0000
"
1963,0304,0460,"0000
"
1964,0333,0415,"0000
"
1965,0343,0439,"0000
"
1966,0342,0449,"0000
"
1967,0302,0477,"0000
"
1968,0207,0402,"0000
"
1969,0310,0449,"0000
"
1970,0290,0435,"0000
"
1971,0287,0471,"0000
"
1972,0282,0469,"0000
"
1973,0284,0475,"0000
"
1974,0287,0485,"0000
"
1975,0286,0482,"0000
"
1976,0282,0474,"0000
"
1977,0285,0481,"0000
"
1978,0285,0481,"0000
"
1979,0283,0476,"0000
"
1980,0283,0476,"0000
"
1981,0284,0477,"0000
"
1982,0288,0436,"0000
"
1983,0300,0440,"0000
"
1984,0293,0435,"0000
"
1985,0289,0419,"0000
"
1986,0287,0474,"0000
"
1987,0290,0428,"0000
"
1988,0283,0453,"0000
"
1989,0315,0402,"0000
"
1990,0340,0405,"0000
"
1991,0320,0412,"0000
"
1992,0295,0425,"0000
"
1993,0285,0455,"0000
"
1994,0283,0465,"0000
"
1995,0286,0477,"0000
"
1996,0286,0480,"0000
"
1997,0286,0482,"0000
"
1998,0289,0445,"0000
"
1999,0289,0431,"0000
"
2000,0310,0458,"0000
"
2001,0345,0418,"0000
"
2002,0355,0402,"0000
"
2003,0343,0419,"0000
"
2004,0427,0488,"0000
"
2005,0420,0473,"0000
"
2006,0342,0474,"0000
"
2007,0294,0448,"0000
"
2008,0271,0449,"0000
"
2009,0281,0460,"0000
"
2010,0279,0460,"0000
"
2011,0278,0460,"0000
"
2012,0281,0464,"0000
"
2013,0280,0461,"0000
"
2014,0276,0456,"0000
"
2015,0287,0468,"0000
"
2016,0292,0392,"0000
"
2017,0330,0389,"0000
"
2018,0340,0410,"0000
"
2019,0353,0397,"0000
"
2020,0345,0408,"0000
"
2021,0318,0466,"0000
"
2022,0295,0449,"0000
"
2023,0289,0432,"0000
"
2024,0290,0427,"0000
"
2025,0301,0444,"0000
"
2026,0296,0437,"0000
"
2027,0289,0420,"0000
"
2028,0285,0455,"0000
"
2029,0283,0465,"0000
"
2030,0283,0469,"0000
"
2031,0284,0473,"0000
"
2032,0283,0474,"0000
"
2033,0283,0473,"0000
"
2034,0282,0473,"0000
"
2035,0283,0473,"0000
"
2036,0281,0470,"0000
"
2037,0280,0467,"0000
"
2038,0279,0469,"0000
"
2039,0277,0465,"0000
"
2040,0276,0463,"0000
"
2041,0281,0470,"0000
"
2042,0285,0477,"0000
"
2043,0289,0441,"0000
"
2044,0297,0443,"0000
"
2045,0288,0427,"0000
"
2046,0284,0459,"0000
"
2047,0283,0468,"0000
"
2048,0285,0476,"0000
"
2049,0284,0476,"0000
"
2050,0283,0473,"0000
"
2051,0283,0475,"0000
"
2052,0284,0470,"0000
"
2053,0285,0459,"0000
"
2054,0285,0463,"0000
"
2055,0285,0473,"0000
"
2056,0285,0477,"0000
"
2057,0282,0476,"0000
"
2058,0281,0470,"0000
"
2059,0281,0458,"0000
"
2060,0281,0458,"0000
"
2061,0281,0457,"0000
"
2062,0282,0460,"0000
"
2063,0282,0463,"0000
"
2064,0282,0465,"0000
"
2065,0283,0470,"0000
"
2066,0284,0475,"0000
"
2067,0283,0476,"0000
"
2068,0282,0472,"0000
"
2069,0281,0467,"0000
"
2070,0281,0464,"0000
"
2071,0280,0456,"0000
"
2072,0280,0451,"0000
"
2073,0281,0455,"0000
"
2074,0282,0459,"0000
"
2075,0283,0468,"0000
"
2076,0284,0485,"0000
"
2077,0284,0496,"0000
"
2078,0283,0487,"0000
"
2079,0282,0478,"0000
"
2080,0283,0477,"0000
"
2081,0281,0472,"0000
"
2082,0281,0469,"0000
"
2083,0282,0469,"0000
"
2084,0284,0472,"0000
"
2085,0260,0433,"0000
"
2086,0273,0433,"0000
"
2087,0293,0421,"0000
"
2088,0300,0423,"0000
"
2089,0292,0417,"0000
"
2090,0288,0437,"0000
"
2091,0286,0475,"0000
"
2092,0287,0480,"0000
"
2093,0285,0478,"0000
"
2094,0284,0469,"0000
"
2095,0281,0468,"0000
"
2096,0282,0469,"0000
"
2097,0279,0465,"0000
"
2098,0279,0464,"0000
"
2099,0281,0465,"0000
"
2100,0283,0466,"0000
"
2101,0282,0465,"0000
"
2102,0303,0459,"0000
"
2103,0292,0437,"0000
"
2104,0286,0463,"0000
"
2105,0284,0471,"0000
"
2106,0282,0470,"0000
"
2107,0280,0463,"0000
"
2108,0280,0464,"0000
"
2109,0282,0467,"0000
"
2110,0283,0469,"0000
"
2111,0287,0477,"0000
"
2112,0288,0437,"0000
"
2113,0286,0464,"0000
"
2114,0285,0471,"0000
"
2115,0285,0474,"0000
"
2116,0273,0458,"0000
"
2117,0270,0444,"0000
"
2118,0258,0418,"0000
"
2119,0270,0431,"0000
"
2120,0275,0445,"0000
"
2121,0273,0446,"0000
"
2122,0273,0448,"0000
"
2123,0281,0457,"0000
"
2124,0280,0459,"0000
"
2125,0280,0462,"0000
"
2126,0289,0433,"0000
"
2127,0287,0465,"0000
"
2128,0287,0476,"0000
"
2129,0284,0476,"0000
"
2130,0284,0476,"0000
"
2131,0281,0472,"0000
"
2132,0281,0470,"0000
"
2133,0282,0472,"0000
"
2134,0283,0475,"0000
"
2135,0282,0469,"0000
"
2136,0279,0462,"0000
"
2137,0275,0442,"0000
"
2138,0268,0423,"0000
"
2139,0264,0419,"0000
"
2140,0273,0434,"0000
"
2141,0277,0447,"0000
"
2142,0277,0453,"0000
"
2143,0278,0457,"0000
"
2144,0280,0459,"0000
"
2145,0281,0464,"0000
"
2146,0282,0472,"0000
"
2147,0284,0478,"0000
"
2148,0295,0452,"0000
"
2149,0292,0434,"0000
"
2150,0287,0462,"0000
"
2151,0285,0469,"0000
"
2152,0283,0467,"0000
"
2153,0283,0466,"0000
"
2154,0283,0461,"0000
"
2155,0283,0464,"0000
"
2156,0283,0469,"0000
"
2157,0279,0469,"0000
"
2158,0310,0473,"0000
"
2159,0292,0442,"0000
"
2160,0288,0423,"0000
"
2161,0287,0460,"0000
"
2162,0286,0469,"0000
"
2163,0284,0472,"0000
"
2164,0283,0472,"0000
"
2165,0284,0473,"0000
"
2166,0285,0476,"0000
"
2167,0286,0479,"0000
"
2168,0285,0478,"0000
"
2169,0285,0478,"0000
"
2170,0284,0476,"0000
"
2171,0283,0474,"0000
"
2172,0283,0473,"0000
"
2173,0283,0473,"0000
"
2174,0281,0470,"0000
"
2175,0277,0465,"0000
"
2176,0276,0459,"0000
"
2177,0269,0446,"0000
"
2178,0273,0449,"0000
"
2179,0276,0453,"0000
"
2180,0279,0461,"0000
"
2181,0285,0471,"0000
"
2182,0291,0441,"0000
"
2183,0286,0465,"0000
"
2184,0285,0473,"0000
"
2185,0284,0473,"0000
"
2186,0281,0470,"0000
"
2187,0279,0469,"0000
"
2188,0279,0468,"0000
"
2189,0278,0465,"0000
"
2190,0278,0464,"0000
"
2191,0279,0465,"0000
"
2192,0279,0467,"0000
"
2193,0277,0464,"0000
"
2194,0276,0461,"0000
"
2195,0276,0462,"0000
"
2196,0277,0462,"0000
"
2197,0274,0455,"0000
"
2198,0273,0451,"0000
"
2199,0285,0466,"0000
"
2200,0284,0468,"0000
"
2201,0284,0472,"0000
"
2202,0285,0475,"0000
"
2203,0283,0472,"0000
"
2204,0283,0473,"0000
"
2205,0282,0470,"0000
"
2206,0282,0470,"0000
"
2207,0281,0469,"0000
"
2208,0281,0468,"0000
"
2209,0282,0469,"0000
"
2210,0281,0469,"0000
"
2211,0284,0473,"0000
"
2212,0287,0479,"0000
"
2213,0287,0482,"0000
"
2214,0288,0438,"0000
"
2215,0286,0464,"0000
"
2216,0285,0472,"0000
"
2217,0283,0473,"0000
"
2218,0280,0454,"0000
"
2219,0278,0457,"0000
"
2220,0279,0460,"0000
"
2221,0282,0464,"0000
"
2222,0286,0473,"0000
"
2223,0286,0477,"0000
"
2224,0293,0452,"0000
"
2225,0294,0454,"0000
"
2226,0285,0473,"0000
"
2227,0284,0474,"0000
"
2228,0286,0479,"0000
"
2229,0286,0481,"0000
"
2230,0292,0447,"0000
"
2231,0288,0424,"0000
"
2232,0286,0459,"0000
"
2233,0285,0469,"0000
"
2234,0289,0436,"0000
"
2235,0108,0405,"0000
"
2236,0090,0403,"0000
"
2237,0091,0404,"0000
"
2238,0100,0372,"0000
"
2239,0104,0367,"0000
"
2240,0110,0376,"0000
"
2241,0106,0371,"0000
"
2242,0117,0384,"0000
"
2243,0136,0369,"0000
"
2244,0163,0368,"0000
"
2245,0220,0413,"0000
"
2246,0197,0393,"0000
"
2247,0123,0403,"0000
"
2248,0124,0409,"0000
"
2249,0117,0404,"0000
"
2250,0112,0393,"0000
"
2251,0112,0388,"0000
"
2252,0109,0380,"0000
"
2253,0100,0361,"0000
"
2254,0098,0350,"0000
"
2255,0100,0349,"0000
"
2256,0101,0349,"0000
"
2257,0118,0383,"0000
"
2258,0131,0369,"0000
"
2259,0151,0403,"0000
"
2260,0185,0424,"0000
"
2261,0198,0410,"0000
"
2262,0184,0428,"0000
"
2263,0195,0407,"0000
"
2264,0249,0439,"0000
"
2265,0250,0454,"0000
"
2266,0247,0458,"0000
"
2267,0248,0458,"0000
"
2268,0256,0424,"0000
"
2269,0255,0458,"0000
"
2270,0274,0457,"0000
"
2271,0284,0476,"0000
"
2272,0289,0446,"0000
"
2273,0289,0433,"0000
"
2274,0314,0467,"0000
"
2275,0317,0485,"0000
"
2276,0323,0458,"0000
"
2277,0331,0460,"0000
"
2278,0319,0486,"0000
"
2279,0315,0494,"0000
"
2280,0296,0475,"0000
"
2281,0284,0479,"0000
"
2282,0276,0470,"0000
"
2283,0264,0440,"0000
"
2284,0267,0432,"0000
"
2285,0272,0438,"0000
"
2286,0274,0441,"0000
"
2287,0271,0436,"0000
"
2288,0274,0443,"0000
"
2289,0275,0447,"0000
"
2290,0276,0449,"0000
"
2291,0277,0447,"0000
"
2292,0279,0450,"0000
"
2293,0281,0459,"0000
"
2294,0283,0469,"0000
"
2295,0284,0474,"0000
"
2296,0284,0477,"0000
"
2297,0286,0482,"0000
"
2298,0289,0448,"0000
"
2299,0295,0453,"0000
"
2300,0296,0450,"0000
"
2301,0290,0431,"0000
"
2302,0281,0449,"0000
"
2303,0279,0455,"0000
"
2304,0281,0460,"0000
"
2305,0278,0459,"0000
"
2306,0277,0457,"0000
"
2307,0279,0458,"0000
"
2308,0277,0453,"0000
"
2309,0279,0456,"0000
"
2310,0279,0461,"0000
"
2311,0280,0464,"0000
"
2312,0280,0484,"0000
"
2313,0281,0476,"0000
"
2314,0281,0472,"0000
"
2315,0281,0469,"0000
"
2316,0281,0455,"0000
"
2317,0280,0434,"0000
"
2318,0281,0446,"0000
"
2319,0282,0455,"0000
"
2320,0282,0461,"0000
"
2321,0282,0463,"0000
"
2322,0282,0462,"0000
"
2323,0281,0461,"0000
"
2324,0281,0464,"0000
"
2325,0281,0464,"0000
"
2326,0280,0462,"0000
"
2327,0280,0461,"0000
"
2328,0281,0461,"0000
"
2329,0281,0463,"0000
"
2330,0281,0464,"0000
"
2331,0281,0464,"0000
"
2332,0281,0465,"0000
"
2333,0281,0465,"0000
"
2334,0279,0464,"0000
"
2335,0279,0465,"0000
"
2336,0280,0462,"0000
"
2337,0280,0460,"0000
"
2338,0281,0462,"0000
"
2339,0280,0462,"0000
"
2340,0281,0464,"0000
"
2341,0280,0466,"0000
"
2342,0281,0469,"0000
"
2343,0279,0474,"0000
"
2344,0279,0483,"0000
"
2345,0279,0496,"0000
"
2346,0279,0482,"0000
"
2347,0284,0481,"0000
"
2348,0287,0484,"0000
"
2349,0285,0483,"0000
"
2350,0283,0480,"0000
"
2351,0283,0478,"0000
"
2352,0283,0476,"0000
"
2353,0285,0478,"0000
"
2354,0284,0476,"0000
"
2355,0283,0475,"0000
"
2356,0283,0475,"0000
"
2357,0284,0476,"0000
"
2358,0286,0479,"0000
"
2359,0284,0477,"0000
"
2360,0283,0477,"0000
"
2361,0278,0470,"0000
"
2362,0330,0389,"0000
"
2363,0341,0409,"0000
"
2364,0350,0423,"0000
"
2365,0357,0403,"0000
"
2366,0348,0418,"0000
"
2367,0356,0402,"0000
"
2368,0345,0415,"0000
"
2369,0351,0425,"0000
"
2370,0357,0404,"0000
"
2371,0346,0417,"0000
"
2372,0353,0395,"0000
"
2373,0341,0408,"0000
"
2374,0349,0419,"0000
"
2375,0355,0399,"0000
"
2376,0345,0414,"0000
"
2377,0351,0425,"0000
"
2378,0356,0402,"0000
"
2379,0347,0418,"0000
"
2380,0356,0401,"0000
"
2381,0349,0420,"0000
"
2382,0361,0410,"0000
"
2383,0352,0392,"0000
"
2384,0340,0406,"0000
"
2385,0348,0419,"0000
"
2386,0355,0400,"0000
"
2387,0346,0415,"0000
"
2388,0352,0393,"0000
"
2389,0338,0411,"0000
"
2390,0264,0415,"0000
"
2391,0273,0436,"0000
"
2392,0278,0451,"0000
"
2393,0279,0458,"0000
"
2394,0280,0459,"0000
"
2395,0281,0462,"0000
"
2396,0280,0462,"0000
"
2397,0282,0466,"0000
"
2398,0283,0470,"0000
"
2399,0284,0473,"0000
"
2400,0287,0479,"0000
"
2401,0287,0482,"0000
"
2402,0283,0478,"0000
"
2403,0290,0443,"0000
"
2404,0291,0424,"0000
"
2405,0288,0412,"0000
"
2406,0287,0453,"0000
"
2407,0286,0461,"0000
"
2408,0285,0465,"0000
"
2409,0285,0465,"0000
"
2410,0284,0468,"0000
"
2411,0283,0470,"0000
"
2412,0282,0468,"0000
"
2413,0278,0462,"0000
"
2414,0280,0456,"0000
"
2415,0283,0472,"0000
"
2416,0283,0477,"0000
"
2417,0285,0480,"0000
"
2418,0285,0480,"0000
"
2419,0285,0481,"0000
"
2420,0285,0482,"0000
"
2421,0286,0483,"0000
"
2422,0285,0482,"0000
"
2423,0283,0475,"0000
"
2424,0276,0462,"0000
"
2425,0279,0466,"0000
"
2426,0283,0470,"0000
"
2427,0277,0469,"0000
"
2428,0325,0376,"0000
"
2429,0330,0411,"0000
"
2430,0292,0416,"0001
"
2431,0290,0417,"0000
"
2432,0276,0442,"0000
"
2433,0285,0464,"0000
"
2434,0285,0475,"0000
"
2435,0287,0484,"0000
"
2436,0281,0474,"0000
"
2437,0280,0470,"0000
"
2438,0280,0467,"0000
"
2439,0279,0467,"0000
"
2440,0280,0465,"0000
"
2441,0281,0467,"0000
"
2442,0282,0469,"0000
"
2443,0281,0470,"0000
"
2444,0279,0470,"0000
"
2445,0278,0467,"0000
"
2446,0279,0469,"0000
"
2447,0282,0471,"0000
"
2448,0282,0472,"0000
"
2449,0282,0473,"0000
"
2450,0283,0473,"0000
"
2451,0285,0477,"0000
"
2452,0286,0481,"0000
"
2453,0288,0444,"0000
"
2454,0288,0435,"0000
"
2455,0290,0431,"0000
"
2456,0290,0425,"0000
"
2457,0288,0416,"0000
"
2458,0287,0455,"0000
"
2459,0282,0462,"0000
"
2460,0282,0465,"0000
"
2461,0282,0467,"0000
"
2462,0282,0468,"0000
"
2463,0281,0467,"0000
"
2464,0281,0461,"0000
"
2465,0282,0461,"0000
"
2466,0293,0436,"0000
"
2467,0187,0454,"0000
"
2468,0168,0414,"0000
"
2469,0163,0386,"0000
"
2470,0192,0362,"0000
"
2471,0241,0407,"0000
"
2472,0180,0628,"0000
"
2473,0193,0486,"0000
"
2474,0246,0472,"0000
"
2475,0260,0435,"0000
"
2476,0269,0437,"0000
"
2477,0278,0452,"0000
"
2478,0279,0461,"0000
"
2479,0281,0465,"0000
"
2480,0282,0467,"0000
"
2481,0283,0472,"0000
"
2482,0286,0476,"0000
"
2483,0283,0472,"0000
"
2484,0281,0468,"0000
"
2485,0280,0462,"0000
"
2486,0280,0462,"0000
"
2487,0280,0464,"0000
"
2488,0282,0467,"0000
"
2489,0282,0468,"0000
"
2490,0284,0472,"0000
"
2491,0291,0442,"0000
"
2492,0343,0428,"0000
"
2493,0379,0443,"0000
"
2494,0330,0407,"0000
"
2495,0296,0420,"0000
"
2496,0299,0434,"0000
"
2497,0291,0424,"0000
"
2498,0286,0456,"0000
"
2499,0283,0464,"0000
"
2500,0278,0462,"0000
"
2501,0276,0456,"0000
"
2502,0276,0452,"0000
"
2503,0318,0399,"0000
"
2504,0347,0423,"0000
"
2505,0366,0422,"0000
"
2506,0359,0408,"0000
"
2507,0349,0421,"0000
"
2508,0307,0430,"0000
"
2509,0290,0415,"0000
"
2510,0283,0446,"0000
"
2511,0283,0459,"0000
"
2512,0283,0467,"0000
"
2513,0285,0476,"0000
"
2514,0288,0442,"0000
"
2515,0298,0455,"0000
"
2516,0298,0454,"0000
"
2517,0290,0426,"0000
"
2518,0289,0399,"0000
"
2519,0358,0405,"0000
"
2520,0345,0412,"0000
"
2521,0349,0419,"0000
"
2522,0354,0398,"0000
"
2523,0344,0420,"0000
"
2524,0311,0454,"0000
"
2525,0294,0441,"0000
"
2526,0288,0422,"0000
"
2527,0281,0449,"0000
"
2528,0277,0456,"0000
"
2529,0276,0455,"0000
"
2530,0280,0459,"0000
"
2531,0280,0462,"0000
"
2532,0280,0464,"0000
"
2533,0279,0468,"0000
"
2534,0279,0468,"0000
"
2535,0280,0465,"0000
"
2536,0281,0465,"0000
"
2537,0283,0468,"0000
"
2538,0285,0469,"0000
"
2539,0291,0431,"0000
"
2540,0288,0384,"0000
"
2541,0292,0400,"0000
"
2542,0309,0385,"0000
"
2543,0329,0385,"0000
"
2544,0336,0398,"0000
"
2545,0295,0435,"0000
"
2546,0285,0459,"0000
"
2547,0282,0462,"0000
"
2548,0283,0468,"0000
"
2549,0284,0472,"0000
"
2550,0284,0475,"0000
"
2551,0285,0479,"0000
"
2552,0286,0482,"0000
"
2553,0285,0481,"0000
"
2554,0283,0477,"0000
"
2555,0283,0474,"0000
"
2556,0283,0475,"0000
"
2557,0284,0476,"0000
"
2558,0286,0480,"0000
"
2559,0293,0449,"0000
"
2560,0325,0419,"0000
"
2561,0307,0448,"0000
"
2562,0299,0444,"0000
"
2563,0293,0433,"0000
"
2564,0291,0423,"0000
"
2565,0289,0410,"0000
"
2566,0284,0441,"0000
"
2567,0282,0455,"0000
"
2568,0282,0467,"0000
"
2569,0282,0466,"0000
"
2570,0284,0468,"0000
"
2571,0288,0426,"0000
"
2572,0291,0354,"0000
"
2573,0327,0390,"0000
"
2574,0333,0393,"0000
"
2575,0335,0397,"0000
"
2576,0339,0439,"0000
"
2577,0268,0440,"0000
"
2578,0278,0451,"0000
"
2579,0283,0462,"0000
"
2580,0284,0467,"0000
"
2581,0284,0470,"0000
"
2582,0283,0473,"0000
"
2583,0283,0474,"0000
"
2584,0278,0469,"0000
"
2585,0279,0469,"0000
"
2586,0281,0469,"0000
"
2587,0285,0474,"0000
"
2588,0287,0479,"0000
"
2589,0296,0409,"0000
"
2590,0367,0422,"0000
"
2591,0134,0154,"0000
"
2592,0117,0152,"0000
"
2593,0144,0178,"0000
"
2594,0165,0197,"0000
"
2595,0242,0336,"0000
"
2596,0265,0374,"0000
"
2597,0273,0413,"0000
"
2598,0275,0434,"0000
"
2599,0279,0448,"0000
"
2600,0281,0454,"0000
"
2601,0282,0459,"0000
"
2602,0283,0465,"0000
"
2603,0283,0468,"0000
"
2604,0287,0479,"0000
"
2605,0284,0476,"0000
"
2606,0283,0473,"0000
"
2607,0285,0480,"0000
"
2608,0297,0437,"0000
"
2609,0275,0441,"0000
"
2610,0277,0395,"0000
"
2611,0337,0402,"0000
"
2612,0355,0406,"0000
"
2613,0345,0414,"0000
"
2614,0300,0442,"0000
"
2615,0291,0425,"0000
"
2616,0296,0429,"0000
"
2617,0289,0419,"0000
"
2618,0287,0459,"0000
"
2619,0279,0463,"0000
"
2620,0284,0471,"0000
"
2621,0285,0476,"0000
"
2622,0286,0478,"0000
"
2623,0318,0482,"0000
"
2624,0316,0444,"0000
"
2625,0307,0326,"0000
"
2626,0296,0305,"0000
"
2627,0287,0501,"0000
"
2628,0193,0433,"0000
"
2629,0252,0457,"0000
"
2630,0284,0467,"0000
"
2631,0281,0466,"0000
"
2632,0280,0465,"0000
"
2633,0281,0466,"0000
"
2634,0283,0470,"0000
"
2635,0283,0472,"0000
"
2636,0284,0474,"0000
"
2637,0283,0475,"0000
"
2638,0283,0476,"0000
"
2639,0283,0475,"0000
"
2640,0283,0475,"0000
"
2641,0280,0470,"0000
"
2642,0272,0456,"0000
"
2643,0275,0459,"0000
"
2644,0279,0467,"0000
"
2645,0280,0467,"0000
"
2646,0281,0471,"0000
"
2647,0283,0476,"0000
"
2648,0290,0445,"0000
"
2649,0288,0427,"0000
"
2650,0284,0459,"0000
"
2651,0282,0467,"0000
"
2652,0281,0469,"0000
"
2653,0281,0478,"0000
"
2654,0282,0454,"0000
"
2655,0280,0441,"0000
"
2656,0276,0443,"0000
"
2657,0278,0449,"0000
"
2658,0279,0455,"0000
"
2659,0281,0456,"0000
"
2660,0279,0454,"0000
"
2661,0276,0454,"0000
"
2662,0279,0463,"0000
"
2663,0279,0466,"0000
"
2664,0279,0467,"0000
"
2665,0273,0456,"0000
"
2666,0276,0459,"0000
"
2667,0281,0473,"0000
"
2668,0284,0476,"0000
"
2669,0284,0478,"0000
"
2670,0275,0467,"0000
"
2671,0294,0447,"0000
"
2672,0293,0437,"0000
"
2673,0296,0438,"0000
"
2674,0298,0431,"0000
"
2675,0292,0417,"0000
"
2676,0291,0413,"0000
"
2677,0230,0435,"0000
"
2678,0237,0431,"0000
"
2679,0244,0443,"0000
"
2680,0251,0458,"0000
"
2681,0252,0451,"0000
"
2682,0255,0452,"0000
"
2683,0256,0419,"0000
"
2684,0251,0447,"0000
"
2685,0255,0461,"0000
"
2686,0259,0425,"0000
"
2687,0260,0412,"0000
"
2688,0261,0409,"0000
"
2689,0262,0411,"0000
"
2690,0261,0411,"0000
"
2691,0263,0414,"0000
"
2692,0262,0415,"0000
"
2693,0262,0414,"0000
"
2694,0265,0417,"0000
"
2695,0269,0431,"0000
"
2696,0276,0448,"0000
"
2697,0284,0466,"0000
"
2698,0287,0480,"0000
"
2699,0291,0446,"0000
"
2700,0292,0433,"0000
"
2701,0292,0428,"0000
"
2702,0294,0431,"0000
"
2703,0300,0441,"0000
"
2704,0302,0449,"0000
"
2705,0306,0460,"0000
"
2706,0309,0469,"0000
"
2707,0308,0469,"0000
"
2708,0309,0473,"0000
"
2709,0309,0473,"0000
"
2710,0307,0471,"0000
"
2711,0307,0471,"0000
"
2712,0310,0475,"0000
"
2713,0310,0477,"0000
"
2714,0313,0480,"0000
"
2715,0314,0482,"0000
"
2716,0311,0482,"0000
"
2717,0309,0477,"0000
"
2718,0308,0473,"0000
"
2719,0305,0466,"0000
"
2720,0300,0454,"0000
"
2721,0290,0432,"0000
"
2722,0285,0461,"0000
"
2723,0286,0474,"0000
"
2724,0285,0477,"0000
"
2725,0285,0479,"0000
"
2726,0284,0476,"0000
"
2727,0284,0475,"0000
"
2728,0284,0473,"0000
"
2729,0284,0472,"0000
"
2730,0284,0472,"0000
"
2731,0284,0472,"0000
"
2732,0283,0473,"0000
"
2733,0282,0471,"0000
"
2734,0282,0470,"0000
"
2735,0282,0470,"0000
"
2736,0282,0470,"0001
"
2737,0285,0477,"0000
"
2738,0284,0476,"0000
"
2739,0283,0476,"0000
"
2740,0284,0476,"0000
"
2741,0284,0476,"0000
"
2742,0283,0476,"0000
"
2743,0283,0475,"0000
"
2744,0284,0474,"0000
"
2745,0284,0407,"0000
"
2746,0344,0412,"0000
"
2747,0340,0404,"0000
"
2748,0341,0410,"0000
"
2749,0347,0419,"0001
"
2750,0355,0399,"0000
"
2751,0343,0413,"0000
"
2752,0350,0423,"0000
"
2753,0355,0401,"0000
"
2754,0344,0433,"0001
"
2755,0309,0482,"0000
"
2756,0295,0469,"0000
"
2757,0288,0440,"0000
"
2758,0287,0458,"0000
"
2759,0286,0459,"0000
"
2760,0284,0462,"0000
"
2761,0284,0468,"0000
"
2762,0283,0470,"0000
"
2763,0282,0469,"0000
"
2764,0282,0470,"0000
"
2765,0281,0469,"0000
"
2766,0282,0471,"0000
"
2767,0281,0470,"0000
"
2768,0281,0470,"0000
"
2769,0281,0470,"0000
"
2770,0281,0463,"0000
"
2771,0281,0455,"0000
"
2772,0282,0454,"0000
"
2773,0283,0459,"0000
"
2774,0283,0464,"0000
"
2775,0283,0467,"0000
"
2776,0284,0468,"0000
"
2777,0283,0470,"0000
"
2778,0371,0434,"0000
"
2779,0362,0412,"0000
"
2780,0348,0427,"0000
"
2781,0338,0434,"0000
"
2782,0307,0450,"0000
"
2783,0295,0440,"0000
"
2784,0289,0423,"0000
"
2785,0286,0459,"0000
"
2786,0285,0472,"0000
"
2787,0285,0479,"0000
"
2788,0285,0482,"0000
"
2789,0285,0483,"0000
"
2790,0285,0482,"0000
"
2791,0285,0481,"0000
"
2792,0287,0485,"0000
"
2793,0287,0488,"0000
"
2794,0288,0445,"0000
"
2795,0287,0478,"0000
"
2796,0289,0445,"0000
"
2797,0290,0436,"0000
"
2798,0183,0591,"0000
"
2799,0386,0530,"0000
"
2800,0390,0496,"0000
"
2801,0391,0481,"0000
"
2802,0395,0479,"0000
"
2803,0384,0452,"0000
"
2804,0338,0460,"0000
"
2805,0309,0455,"0000
"
2806,0297,0422,"0000
"
2807,0293,0420,"0000
"
2808,0291,0420,"0000
"
2809,0289,0416,"0000
"
2810,0288,0412,"0000
"
2811,0288,0412,"0000
"
2812,0402,0469,"0000
"
2813,0366,0478,"0000
"
2814,0356,0427,"0000
"
2815,0349,0470,"0000
"
2816,0320,0432,"0000
"
2817,0367,0421,"0000
"
2818,0316,0459,"0000
"
2819,0296,0443,"0000
"
2820,0289,0425,"0000
"
2821,0287,0462,"0000
"
2822,0286,0474,"0000
"
2823,0285,0478,"0000
"
2824,0285,0479,"0000
"
2825,0285,0480,"0000
"
2826,0285,0481,"0000
"
2827,0285,0482,"0000
"
2828,0285,0482,"0000
"
2829,0287,0484,"0000
"
2830,0290,0439,"0000
"
2831,0303,0373,"0000
"
2832,0323,0375,"0000
"
2833,0328,0385,"0000
"
2834,0334,0396,"0000
"
2835,0340,0406,"0000
"
2836,0345,0415,"0000
"
2837,0352,0393,"0000
"
2838,0314,0481,"0000
"
2839,0290,0441,"0000
"
2840,0285,0464,"0000
"
2841,0285,0472,"0000
"
2842,0285,0477,"0000
"
2843,0286,0480,"0000
"
2844,0286,0481,"0000
"
2845,0286,0483,"0000
"
2846,0376,0493,"0000
"
2847,0393,0480,"0000
"
2848,0365,0479,"0000
"
2849,0325,0444,"0000
"
2850,0211,0521,"0000
"
2851,0214,0478,"0000
"
2852,0257,0431,"0000
"
2853,0272,0439,"0000
"
2854,0277,0450,"0000
"
2855,0279,0458,"0000
"
2856,0281,0461,"0000
"
2857,0282,0466,"0000
"
2858,0283,0470,"0000
"
2859,0283,0472,"0000
"
2860,0285,0476,"0000
"
2861,0285,0477,"0000
"
2862,0285,0479,"0000
"
2863,0287,0484,"0000
"
2864,0292,0444,"0000
"
2865,0290,0374,"0000
"
2866,0283,0405,"0000
"
2867,0284,0436,"0000
"
2868,0283,0454,"0000
"
2869,0283,0462,"0000
"
2870,0273,0497,"0000
"
2871,0258,0472,"0000
"
2872,0270,0457,"0000
"
2873,0275,0458,"0000
"
2874,0278,0461,"0000
"
2875,0281,0465,"0000
"
2876,0281,0466,"0000
"
2877,0283,0471,"0000
"
2878,0283,0472,"0000
"
2879,0283,0472,"0000
"
2880,0284,0476,"0000
"
2881,0286,0486,"0000
"
2882,0287,0425,"0000
"
2883,0361,0413,"0000
"
2884,0361,0412,"0000
"
2885,0351,0426,"0000
"
2886,0357,0404,"0000
"
2887,0347,0418,"0000
"
2888,0354,0398,"0000
"
2889,0344,0413,"0000
"
2890,0352,0393,"0000
"
2891,0341,0409,"0000
"
2892,0349,0421,"0000
"
2893,0354,0398,"0000
"
2894,0342,0411,"0000
"
2895,0349,0421,"0000
"
2896,0356,0400,"0000
"
2897,0345,0411,"0000
"
2898,0349,0420,"0000
"
2899,0351,0422,"0000
"
2900,0351,0425,"0000
"
2901,0354,0397,"0000
"
2902,0341,0405,"0000
"
2903,0329,0408,"0000
"
2904,0303,0434,"0000
"
2905,0291,0424,"0000
"
2906,0286,0455,"0000
"
2907,0285,0467,"0000
"
2908,0283,0469,"0000
"
2909,0283,0470,"0000
"
2910,0283,0470,"0000
"
2911,0283,0471,"0001
"
2912,0285,0475,"0000
"
2913,0284,0475,"0000
"
2914,0284,0477,"0000
"
2915,0285,0483,"0000
"
2916,0287,0487,"0000
"
2917,0285,0488,"0000
"
2918,0270,0457,"0000
"
2919,0274,0452,"0000
"
2920,0279,0461,"0000
"
2921,0281,0464,"0000
"
2922,0283,0470,"0000
"
2923,0282,0470,"0000
"
2924,0283,0472,"0000
"
2925,0282,0470,"0000
"
2926,0282,0470,"0000
"
2927,0282,0471,"0000
"
2928,0283,0473,"0000
"
2929,0287,0478,"0000
"
2930,0341,0432,"0000
"
2931,0299,0440,"0000
"
2932,0288,0425,"0000
"
2933,0285,0459,"0000
"
2934,0283,0468,"0000
"
2935,0282,0471,"0000
"
2936,0283,0472,"0000
"
2937,0282,0472,"0000
"
2938,0283,0474,"0000
"
2939,0284,0474,"0000
"
2940,0284,0475,"0000
"
2941,0285,0472,"0000
"
2942,0286,0471,"0000
"
2943,0287,0476,"0000
"
2944,0293,0440,"0000
"
2945,0283,0404,"0000
"
2946,0322,0372,"0000
"
2947,0322,0373,"0000
"
2948,0325,0378,"0000
"
2949,0330,0388,"0000
"
2950,0336,0399,"0000
"
2951,0342,0410,"0000
"
2952,0348,0419,"0000
"
2953,0354,0397,"0000
"
2954,0333,0465,"0000
"
2955,0305,0463,"0000
"
2956,0293,0442,"0000
"
2957,0289,0424,"0000
"
2958,0287,0461,"0000
"
2959,0287,0475,"0000
"
2960,0286,0478,"0000
"
2961,0286,0481,"0000
"
2962,0286,0481,"0000
"
2963,0285,0480,"0000
"
2964,0284,0478,"0000
"
2965,0284,0476,"0000
"
2966,0284,0477,"0000
"
2967,0283,0476,"0000
"
2968,0283,0476,"0000
"
2969,0283,0476,"0000
"
2970,0283,0476,"0000
"
2971,0283,0475,"0000
"
2972,0283,0474,"0000
"
2973,0283,0474,"0000
"
2974,0287,0480,"0000
"
2975,0294,0450,"0000
"
2976,0299,0448,"0000
"
2977,0295,0440,"0000
"
2978,0295,0438,"0000
"
2979,0294,0435,"0000
"
2980,0289,0424,"0000
"
2981,0287,0464,"0000
"
2982,0286,0476,"0000
"
2983,0287,0483,"0000
"
2984,0304,0480,"0000
"
2985,0316,0501,"0000
"
2986,0309,0489,"0000
"
2987,0299,0466,"0000
"
2988,0297,0441,"0000
"
2989,0293,0445,"0000
"
2990,0291,0436,"0000
"
2991,0288,0429,"0000
"
2992,0283,0469,"0000
"
2993,0274,0465,"0000
"
2994,0284,0480,"0000
"
2995,0290,0450,"0000
"
2996,0289,0436,"0000
"
2997,0286,0472,"0000
"
2998,0286,0486,"0000
"
2999,0287,0492,"0000
"
3000,0287,0490,"0000
"
3001,0286,0487,"0000
"
3002,0288,0448,"0000
"
3003,0290,0437,"0000
"
3004,0290,0431,"0000
"
3005,0291,0432,"0000
"
3006,0290,0427,"0000
"
3007,0279,0442,"0000
"
3008,0270,0433,"0000
"
3009,0290,0437,"0000
"
3010,0293,0431,"0000
"
3011,0277,0440,"0000
"
3012,0280,0458,"0000
"
3013,0290,0443,"0000
"
3014,0284,0456,"0000
"
3015,0280,0456,"0000
"
3016,0290,0443,"0000
"
3017,0292,0434,"0000
"
3018,0283,0455,"0000
"
3019,0286,0475,"0000
"
3020,0291,0448,"0000
"
3021,0283,0461,"0000
"
3022,0279,0465,"0000
"
3023,0286,0478,"0000
"
3024,0285,0478,"0000
"
3025,0279,0470,"0000
"
3026,0282,0473,"0000
"
3027,0286,0480,"0000
"
3028,0283,0471,"0000
"
3029,0287,0473,"0000
"
3030,0287,0477,"0000
"
3031,0281,0451,"0000
"
3032,0280,0441,"0000
"
3033,0286,0468,"0000
"
3034,0282,0471,"0000
"
3035,0280,0466,"0000
"
3036,0279,0469,"0000
"
3037,0281,0471,"0000
"
3038,0281,0469,"0000
"
3039,0285,0477,"0000
"
3040,0289,0441,"0000
"
3041,0288,0424,"0000
"
3042,0260,0418,"0000
"
3043,0307,0458,"0000
"
3044,0290,0439,"0000
"
3045,0275,0453,"0000
"
3046,0280,0464,"0000
"
3047,0287,0481,"0000
"
3048,0284,0481,"0000
"
3049,0279,0481,"0000
"
3050,0279,0479,"0000
"
3051,0277,0472,"0000
"
3052,0275,0455,"0000
"
3053,0279,0465,"0000
"
3054,0285,0488,"0000
"
3055,0284,0488,"0000
"
3056,0283,0483,"0000
"
3057,0283,0481,"0009
"
3058,0301,0449,"0000
"
3059,0288,0424,"0000
"
3060,0287,0451,"0000
"
3061,0288,0406,"0000
"
3062,0285,0452,"0000
"
3063,0285,0477,"0049
"
3064,0325,0459,"0000
"
3065,0295,0446,"0000
"
3066,0287,0468,"0000
"
3067,0284,0471,"0000
"
3068,0282,0467,"0000
"
3069,0281,0463,"0000
"
3070,0282,0461,"0000
"
3071,0283,0465,"0000
"
3072,0283,0464,"0000
"
3073,0282,0459,"0000
"
3074,0282,0457,"0000
"
3075,0284,0460,"0000
"
3076,0284,0467,"0000
"
3077,0284,0475,"0000
"
3078,0284,0486,"0001
"
3079,0287,0513,"0000
"
3080,0286,0496,"0000
"
3081,0290,0452,"0000
"
3082,0290,0435,"0000
"
3083,0286,0466,"0000
"
3084,0285,0475,"0000
"
3085,0284,0476,"0000
"
3086,0284,0476,"0000
"
3087,0284,0473,"0000
"
3088,0284,0472,"0000
"
3089,0284,0471,"0000
"
3090,0285,0474,"0000
"
3091,0283,0473,"0000
"
3092,0282,0472,"0062
"
3093,0346,0483,"0000
"
3094,0302,0465,"0000
"
3095,0291,0440,"0000
"
3096,0286,0466,"0091
"
3097,0350,0489,"0003
"
3098,0312,0481,"0172
"
3099,0358,0465,"0000
"
3100,0308,0469,"0143
"
3101,0354,0454,"0189
"
3102,0397,0477,"0000
"
3103,0323,0451,"0000
"
3104,0300,0451,"0080
"
3105,0337,0468,"0000
"
3106,0302,0468,"0000
"
3107,0292,0437,"0000
"
3108,0288,0424,"0149
"
3109,0357,0422,"0000
"
3110,0308,0456,"0000
"
3111,0294,0443,"0000
"
3112,0288,0424,"0000
"
3113,0285,0467,"0000
"
3114,0285,0491,"0000
"
3115,0284,0485,"0065
"
3116,0302,0470,"0000
"
3117,0291,0445,"0009
"
3118,0304,0458,"0000
"
3119,0292,0441,"0000
"
3120,0286,0470,"0000
"
3121,0285,0477,"0000
"
3122,0284,0478,"0000
"
3123,0284,0480,"0000
"
3124,0284,0482,"0000
"
3125,0285,0484,"0000
"
3126,0284,0482,"0000
"
3127,0284,0479,"0000
"
3128,0285,0479,"0000
"
3129,0284,0480,"0000
"
3130,0284,0482,"0000
"
3131,0285,0484,"0000
"
3132,0284,0480,"0000
"
3133,0284,0478,"0000
"
3134,0284,0478,"0000
"
3135,0283,0478,"0000
"
3136,0283,0478,"0000
"
3137,0276,0468,"0000
"
3138,0275,0462,"0000
"
3139,0278,0464,"0000
"
3140,0281,0466,"0000
"
3141,0282,0470,"0000
"
3142,0284,0474,"0000
"
3143,0284,0476,"0000
"
3144,0284,0476,"0000
"
3145,0284,0476,"0000
"
3146,0283,0474,"0000
"
3147,0282,0471,"0000
"
3148,0282,0470,"0000
"
3149,0283,0472,"0000
"
3150,0283,0473,"0000
"
3151,0284,0474,"0000
"
3152,0284,0474,"0000
"
3153,0284,0475,"0000
"
3154,0284,0474,"0000
"
3155,0284,0473,"0000
"
3156,0283,0474,"0000
"
3157,0283,0474,"0000
"
3158,0283,0473,"0000
"
3159,0282,0472,"0000
"
3160,0282,0471,"0000
"
3161,0281,0458,"0000
"
3162,0280,0450,"0000
"
3163,0281,0461,"0000
"
3164,0281,0467,"0000
"
3165,0281,0472,"0000
"
3166,0285,0481,"0000
"
3167,0293,0450,"0000
"
3168,0289,0431,"0000
"
3169,0287,0462,"0000
"
3170,0288,0429,"0000
"
3171,0290,0422,"0000
"
3172,0292,0421,"0000
"
3173,0291,0419,"0000
"
3174,0285,0454,"0000
"
3175,0284,0468,"0000
"
3176,0284,0473,"0000
"
3177,0284,0476,"0000
"
3178,0284,0479,"0000
"
3179,0284,0479,"0000
"
3180,0284,0478,"0000
"
3181,0284,0477,"0000
"
3182,0282,0474,"0000
"
3183,0282,0473,"0000
"
3184,0282,0471,"0000
"
3185,0282,0471,"0000
"
3186,0282,0471,"0000
"
3187,0281,0469,"0000
"
3188,0279,0451,"0000
"
3189,0278,0452,"0000
"
3190,0277,0454,"0000
"
3191,0279,0460,"0000
"
3192,0281,0460,"0000
"
3193,0281,0459,"0000
"
3194,0281,0463,"0000
"
3195,0282,0467,"0000
"
3196,0282,0469,"0000
"
3197,0328,0456,"0000
"
3198,0380,0495,"0000
"
3199,1023,0653,"0000
"
3200,1022,0692,"0000
"
3201,0556,0590,"0000
"
3202,0413,0552,"0000
"
3203,0354,0489,"0000
"
3204,0322,0457,"0000
"
3205,0303,0460,"0000
"
3206,0289,0435,"0000
"
3207,0282,0457,"0000
"
3208,0280,0455,"0000
"
3209,1013,1023,"0000
"
3210,1023,1022,"0000
"
3211,1023,1023,"0000
"
3212,1023,1023,"0000
"
3213,1023,1023,"0000
"
3214,1023,1023,"0000
"
3215,0795,1023,"0000
"
3216,1023,1023,"0000
"
3217,1023,1022,"0000
"
3218,1023,1022,"0000
"
3219,1023,1022,"0000
"
3220,1022,1023,"0000
"
3221,1023,1023,"0000
"
3222,1022,1022,"0000
"
3223,1023,1023,"0000
"
3224,1023,1023,"0000
"
3225,1023,1023,"0000
"
3226,1023,1023,"0000
"
3227,1023,1023,"0000
"
3228,1023,1022,"0000
"
3229,1023,1023,"0000
"
3230,1023,1022,"0000
"
3231,1023,1023,"0000
"
3232,1022,1023,"0001
"
3233,1023,1023,"0000
"
3234,1023,1022,"0000
"
3235,1023,1023,"0000
"
3236,1023,1023,"0000
"
3237,1023,1022,"0000
"
3238,1023,1023,"0000
"
3239,1022,1023,"0000
"
3240,1023,1022,"0000
"
3241,1023,1023,"0000
"
3242,1022,1023,"0000
"
3243,1023,1023,"0000
"
3244,1022,1023,"0000
"
3245,1023,1023,"0000
"
3246,1023,1023,"0000
"
3247,1023,1023,"0000
"
3248,1022,1023,"0000
"
3249,1022,1023,"0000
"
3250,1023,1023,"0000
"
3251,1023,1023,"0000
"
3252,1023,1023,"0000
"
3253,1022,1022,"0000
"
3254,1022,1023,"0000
"
3255,1023,1023,"0000
"
3256,1023,1022,"0000
"
3257,1023,1023,"0000
"
3258,1023,1023,"0000
"
3259,1023,1023,"0000
"
3260,1023,1023,"0001
"
3261,1023,1023,"0000
"
3262,1023,1023,"0000
"
3263,1023,1023,"0000
"
3264,1022,1023,"0000
"
3265,1022,1023,"0000
"
3266,1023,1023,"0000
"
3267,1022,1022,"0000
"
3268,1023,1022,"0000
"
3269,1023,1023,"0000
"
3270,1023,1023,"0000
"
3271,1023,1022,"0000
"
3272,1022,1023,"0000
"
3273,1022,1022,"0000
"
3274,1023,1023,"0001
"
3275,1022,1022,"0000
"
3276,1022,1022,"0000
"
3277,1023,1022,"0000
"
3278,1023,1023,"0000
"
3279,1023,1023,"0000
"
3280,1022,1023,"0001
"
3281,1023,1023,"0000
"
3282,1023,1023,"0000
"
3283,1023,1023,"0000
"
3284,1023,1023,"0000
"
3285,1023,1023,"0000
"
3286,1023,1022,"0000
"
3287,1023,1023,"0000
"
3288,1022,1022,"0000
"
3289,1022,1022,"0000
"
3290,1022,1023,"0000
"
3291,1023,1023,"0000
"
3292,1023,1023,"0000
"
3293,1023,1023,"0000
"
3294,1022,1023,"0000
"
3295,1022,1023,"0000
"
3296,1023,1023,"0000
"
3297,1023,1023,"0000
"
3298,1023,1023,"0000
"
3299,1023,1023,"0000
"
3300,1023,1023,"0000
"
3301,1022,1023,"0000
"
3302,1023,1023,"0000
"
3303,1023,1023,"0000
"
3304,1023,1022,"0000
"
3305,1022,1022,"0000
"
3306,1023,1023,"0001
"
3307,1023,1023,"0000
"
3308,1023,1023,"0000
"
3309,1022,1023,"0000
"
3310,1023,1022,"0000
"
3311,1023,1023,"0000
"
3312,1023,1023,"0000
"
3313,1023,1023,"0000
"
3314,1023,1023,"0000
"
3315,1023,1022,"0000
"
3316,1023,1022,"0000
"
3317,1023,1023,"0000
"
3318,1023,1023,"0000
"
3319,1022,1023,"0000
"
3320,1023,1023,"0000
"
3321,1023,1023,"0000
"
3322,1023,1022,"0000
"
3323,1023,1023,"0000
"
3324,1023,1023,"0000
"
3325,1022,1023,"0000
"
3326,1023,1022,"0000
"
3327,1023,1023,"0000
"
3328,1023,1023,"0000
"
3329,1023,1023,"0000
"
3330,1022,1022,"0000
"
3331,1023,1023,"0000
"
3332,1023,1023,"0000
"
3333,1023,1023,"0000
"
3334,1023,1023,"0000
"
3335,1023,1022,"0000
"
3336,1023,1023,"0000
"
3337,1023,1022,"0000
"
3338,1023,1023,"0000
"
3339,1023,1023,"0000
"
3340,1022,1023,"0000
"
3341,1022,1023,"0000
"
3342,1023,1023,"0000
"
3343,1023,1022,"0000
"
3344,1023,1023,"0000
"
3345,1023,1023,"0000
"
3346,1022,1023,"0000
"
3347,1022,1022,"0000
"
3348,1023,1023,"0000
"
3349,1023,1023,"0000
"
3350,1023,1022,"0000
"
3351,1023,1023,"0000
"
3352,1023,1023,"0000
"
3353,1023,1022,"0000
"
3354,1023,1023,"0000
"
3355,1023,1022,"0000
"
3356,1023,1023,"0000
"
3357,1023,1022,"0000
"
3358,1023,1023,"0000
"
3359,1022,1022,"0000
"
3360,1023,1023,"0000
"
3361,1023,1023,"0000
"
3362,1023,1023,"0000
"
3363,1022,1023,"0000
"
3364,1023,1022,"0000
"
3365,1023,1023,"0000
"
3366,1023,1023,"0000
"
3367,1022,1023,"0000
"
3368,1023,1023,"0000
"
3369,1023,1023,"0000
"
3370,1023,1023,"0000
"
3371,1022,1023,"0000
"
3372,1023,1023,"0000
"
3373,1022,1023,"0000
"
3374,1023,1023,"0000
"
3375,1022,1023,"0000
"
3376,1023,1023,"0000
"
3377,1023,1023,"0000
"
3378,1023,1023,"0000
"
3379,1022,1023,"0000
"
3380,1023,1023,"0000
"
3381,1023,1023,"0000
"
3382,1023,1023,"0000
"
3383,1022,1023,"0000
"
3384,1023,1023,"0000
"
3385,1023,1023,"0000
"
3386,1023,1023,"0000
"
3387,1022,1023,"0000
"
3388,1023,1023,"0000
"
3389,1022,1023,"0000
"
3390,1023,1023,"0000
"
3391,1023,1023,"0000
"
3392,1023,1023,"0000
"
3393,1022,1023,"0000
"
3394,1023,1022,"0000
"
3395,1023,1023,"0000
"
3396,1023,1023,"0000
"
3397,1022,1023,"0000
"
3398,1023,1023,"0000
"
3399,1023,1023,"0000
"
3400,1022,1023,"0000
"
3401,1022,1023,"0000
"
3402,1023,1023,"0000
"
3403,1022,1023,"0000
"
3404,1023,1023,"0000
"
3405,1023,1023,"0000
"
3406,1023,1023,"0000
"
3407,1023,1023,"0000
"
3408,1023,1023,"0000
"
3409,1023,1023,"0000
"
3410,1023,1022,"0000
"
3411,1023,1023,"0000
"
3412,1023,1023,"0000
"
3413,1023,1022,"0000
"
3414,1023,1023,"0000
"
3415,1023,1023,"0000
"
3416,1023,1023,"0000
"
3417,1023,1023,"0000
"
3418,1023,1023,"0000
"
3419,1022,1023,"0000
"
3420,1023,1023,"0000
"
3421,1023,1022,"0000
"
3422,1023,1022,"0000
"
3423,1023,1022,"0000
"
3424,1023,1022,"0000
"
3425,1023,1023,"0000
"
3426,1023,1023,"0000
"
3427,1023,1022,"0001
"
3428,1023,1023,"0000
"
3429,1023,1023,"0000
"
3430,1023,1023,"0000
"
3431,1023,1022,"0000
"
3432,1023,1022,"0000
"
3433,1023,1022,"0000
"
3434,1023,1022,"0000
"
3435,1023,1023,"0000
"
3436,1023,1023,"0000
"
3437,1023,1022,"0000
"
3438,1023,1023,"0000
"
3439,1023,1023,"0001
"
3440,1023,1022,"0000
"
3441,1023,1023,"0000
"
3442,1023,1023,"0000
"
3443,1023,1022,"0000
"
3444,1022,1022,"0000
"
3445,1023,1023,"0000
"
3446,1023,1022,"0000
"
3447,1022,1023,"0000
"
3448,1023,1023,"0000
"
3449,1023,1023,"0000
"
3450,1023,1023,"0000
"
3451,1023,1022,"0000
"
3452,1023,1023,"0000
"
3453,1023,1023,"0000
"
3454,1023,1023,"0000
"
3455,1022,1023,"0000
"
3456,1023,1023,"0000
"
3457,1022,1022,"0000
"
3458,1023,1023,"0000
"
3459,1023,1023,"0000
"
3460,1023,1023,"0000
"
3461,1023,1023,"0000
"
3462,1023,1023,"0000
"
3463,1023,1023,"0000
"
3464,1023,1023,"0000
"
3465,1023,1023,"0000
"
3466,1023,1023,"0000
"
3467,1023,1023,"0000
"
3468,1022,1023,"0000
"
3469,1023,1023,"0000
"
3470,1023,1023,"0000
"
3471,1023,1023,"0000
"
3472,1023,1023,"0000
"
3473,1023,1023,"0000
"
3474,1022,1022,"0000
"
3475,1023,1023,"0000
"
3476,1022,1023,"0000
"
3477,1022,1022,"0000
"
3478,1023,1023,"0000
"
3479,1022,1023,"0000
"
3480,1023,1023,"0000
"
3481,1023,1023,"0000
"
3482,1022,1023,"0000
"
3483,1023,1023,"0000
"
3484,1022,1022,"0000
"
3485,1023,1022,"0000
"
3486,1023,1023,"0000
"
3487,1022,1023,"0000
"
3488,1023,1023,"0000
"
3489,1023,1022,"0000
"
3490,1023,1022,"0000
"
3491,1023,1023,"0000
"
3492,1023,1022,"0000
"
3493,1023,1023,"0000
"
3494,1023,1023,"0000
"
3495,1023,1023,"0000
"
3496,1023,1023,"0000
"
3497,1022,1022,"0000
"
3498,1022,1023,"0000
"
3499,1022,1023,"0000
"
3500,1022,1023,"0000
"
3501,1023,1022,"0000
"
3502,1022,1022,"0000
"
3503,1022,1023,"0000
"
3504,1023,1022,"0000
"
3505,1023,1023,"0000
"
3506,1023,1022,"0000
"
3507,1023,1022,"0000
"
3508,1023,1022,"0000
"
3509,1023,1023,"0000
"
3510,1023,1023,"0000
"
3511,1023,1023,"0000
"
3512,1023,1022,"0000
"
3513,1023,1022,"0000
"
3514,1022,1022,"0000
"
3515,1023,1023,"0000
"
3516,1022,1022,"0000
"
3517,1023,1023,"0001
"
3518,1023,1023,"0000
"
3519,1023,1023,"0000
"
3520,1023,1023,"0000
"
3521,1022,1022,"0000
"
3522,1023,1023,"0000
"
3523,1023,1022,"0000
"
3524,1023,1022,"0000
"
3525,1023,1023,"0001
"
3526,1023,1022,"0000
"
3527,1023,1022,"0000
"
3528,1023,1023,"0000
"
3529,1023,1022,"0000
"
3530,1022,1023,"0000
"
3531,1023,1023,"0000
"
3532,1022,1023,"0000
"
3533,1023,1023,"0000
"
3534,1023,1023,"0000
"
3535,1022,1023,"0000
"
3536,1023,1023,"0000
"
3537,1023,1022,"0000
"
3538,1023,1023,"0000
"
3539,1022,1023,"0000
"
3540,1023,1022,"0000
"
3541,1023,1023,"0000
"
3542,1023,1022,"0000
"
3543,1023,1023,"0000
"
3544,1023,1023,"0000
"
3545,1023,1023,"0000
"
3546,1023,1023,"0000
"
3547,1022,1022,"0000
"
3548,1023,1022,"0000
"
3549,1023,1023,"0000
"
3550,1023,1023,"0000
"
3551,1023,1023,"0000
"
3552,1023,1023,"0000
"
3553,1023,1023,"0000
"
3554,1022,1023,"0000
"
3555,1023,1022,"0001
"
3556,1022,1022,"0000
"
3557,1023,1022,"0001
"
3558,1022,1023,"0000
"
3559,1022,1023,"0000
"
3560,1023,1023,"0000
"
3561,1023,1022,"0000
"
3562,1023,1023,"0000
"
3563,1023,1023,"0000
"
3564,1022,1023,"0000
"
3565,1023,1023,"0000
"
3566,1023,1023,"0000
"
3567,1023,1023,"0000
"
3568,1023,1023,"0000
"
3569,1023,1023,"0000
"
3570,1023,1023,"0000
"
3571,1023,1023,"0000
"
3572,1023,1022,"0000
"
3573,1022,1023,"0001
"
3574,1023,1022,"0001
"
3575,1022,1022,"0000
"
3576,1023,1023,"0000
"
3577,1023,1023,"0000
"
3578,1023,1023,"0000
"
3579,1023,1023,"0000
"
3580,1023,1023,"0000
"
3581,1023,1022,"0000
"
3582,1022,1023,"0000
"
3583,1022,1023,"0000
"
3584,1023,1022,"0000
"
3585,1022,1023,"0000
"
3586,1022,1023,"0000
"
3587,1022,1022,"0000
"
3588,1023,1023,"0000
"
3589,1023,1023,"0000
"
3590,1023,1023,"0000
"
3591,1023,1023,"0000
"
3592,1023,1023,"0000
"
3593,1022,1022,"0000
"
3594,1023,1022,"0000
"
3595,1023,1023,"0000
"
3596,1023,1023,"0000
"
3597,1023,1023,"0000
"
3598,1023,1023,"0000
"
3599,1023,1023,"0000
"
3600,1023,1023,"0000
"
3601,1023,1023,"0000
"
3602,1023,1022,"0000
"
3603,1023,1023,"0000
"
3604,1023,1023,"0000
"
3605,1023,1023,"0000
"
3606,1023,1023,"0000
"
3607,1023,1023,"0000
"
3608,1022,1023,"0000
"
3609,1022,1023,"0001
"
3610,1023,1023,"0000
"
3611,1023,1023,"0000
"
3612,1023,1023,"0000
"
3613,1022,1023,"0000
"
3614,1023,1023,"0000
"
3615,1022,1023,"0000
"
3616,1023,1022,"0000
"
3617,1023,1023,"0000
"
3618,1023,1023,"0000
"
3619,1022,1023,"0000
"
3620,1022,1023,"0000
"
3621,1023,1023,"0000
"
3622,1023,1023,"0000
"
3623,1022,1023,"0000
"
3624,1023,1023,"0000
"
3625,1023,1023,"0000
"
3626,1022,1023,"0000
"
3627,1023,1023,"0000
"
3628,1022,1023,"0000
"
3629,1023,1023,"0000
"
3630,1022,1023,"0000
"
3631,1023,1022,"0000
"
3632,1023,1022,"0000
"
3633,1023,1023,"0000
"
3634,1023,1023,"0000
"
3635,1023,1023,"0000
"
3636,1023,1022,"0000
"
3637,1022,1022,"0000
"
3638,1022,1023,"0000
"
3639,1023,1023,"0000
"
3640,1023,1022,"0000
"
3641,1023,1023,"0000
"
3642,1022,1023,"0000
"
3643,1023,1023,"0000
"
3644,1022,1023,"0000
"
3645,1023,1023,"0000
"
3646,1023,1022,"0000
"
3647,1023,1023,"0000
"
3648,1023,1023,"0000
"
3649,1023,1023,"0000
"
3650,1023,1023,"0000
"
3651,1023,1023,"0000
"
3652,1023,1022,"0001
"
3653,1022,1023,"0000
"
3654,1023,1022,"0000
"
3655,1023,1023,"0000
"
3656,1022,1023,"0000
"
3657,1023,1023,"0000
"
3658,1023,1023,"0000
"
3659,1023,1022,"0000
"
3660,1023,1022,"0000
"
3661,1023,1023,"0000
"
3662,1023,1022,"0000
"
3663,1023,1023,"0000
"
3664,1022,1023,"0000
"
3665,1023,1023,"0000
"
3666,1022,1022,"0000
"
3667,1023,1023,"0000
"
3668,1023,1023,"0000
"
3669,1023,1023,"0000
"
3670,1023,1023,"0000
"
3671,1023,1023,"0000
"
3672,1022,1023,"0000
"
3673,1023,1023,"0000
"
3674,1023,1023,"0000
"
3675,1022,1023,"0000
"
3676,1022,1023,"0000
"
3677,1023,1023,"0000
"
3678,1022,1022,"0000
"
3679,1023,1023,"0000
"
3680,1022,1023,"0000
"
3681,1022,1023,"0001
"
3682,1023,1023,"0000
"
3683,1023,1023,"0000
"
3684,1023,1023,"0000
"
3685,1023,1023,"0000
"
3686,1022,1022,"0000
"
3687,1023,1022,"0000
"
3688,1023,1023,"0000
"
3689,1023,1023,"0000
"
3690,1023,1023,"0000
"
3691,1023,1023,"0000
"
3692,1022,1023,"0000
"
3693,1023,1023,"0000
"
3694,1022,1023,"0000
"
3695,1023,1023,"0000
"
3696,1023,1022,"0000
"
3697,1023,1023,"0000
"
3698,1022,1023,"0000
"
3699,1023,1022,"0000
"
3700,1023,1022,"0000
"
3701,1023,1022,"0000
"
3702,1023,1022,"0000
"
3703,1023,1023,"0000
"
3704,1023,1022,"0000
"
3705,1022,1023,"0000
"
3706,1022,1022,"0000
"
3707,1023,1023,"0000
"
3708,1023,1023,"0000
"
3709,1023,1023,"0000
"
3710,1022,1023,"0000
"
3711,1023,1023,"0000
"
3712,1022,1022,"0000
"
3713,1022,1022,"0000
"
3714,1022,1023,"0000
"
3715,1023,1022,"0000
"
3716,1022,1022,"0001
"
3717,1023,1023,"0000
"
3718,1023,1023,"0000
"
3719,1023,1023,"0000
"
3720,1022,1023,"0001
"
3721,1023,1023,"0000
"
3722,1022,1023,"0001
"
3723,1023,1022,"0000
"
3724,1022,1023,"0001
"
3725,1023,1022,"0000
"
3726,1023,1022,"0001
"
3727,1023,1022,"0000
"
3728,1022,1022,"0001
"
3729,1022,1023,"0000
"
3730,1023,1023,"0000
"
3731,1023,1023,"0000
"
3732,1023,1023,"0001
"
3733,1023,1023,"0000
"
3734,1022,1022,"0000
"
3735,1022,1022,"0000
"
3736,1022,1023,"0000
"
3737,1023,1023,"0000
"
3738,1023,1022,"0001
"
3739,1022,1022,"0000
"
3740,1023,1023,"0000
"
3741,1023,1023,"0000
"
3742,1023,1023,"0000
"
3743,1023,1022,"0000
"
3744,1023,1022,"0000
"
3745,1023,1023,"0000
"
3746,1023,1023,"0000
"
3747,1023,1023,"0000
"
3748,1023,1023,"0000
"
3749,1023,1022,"0000
"
3750,1022,1022,"0000
"
3751,1023,1023,"0000
"
3752,1023,1023,"0000
"
3753,1023,1022,"0000
"
3754,1023,1023,"0000
"
3755,1022,1023,"0000
"
3756,1023,1022,"0000
"
3757,1023,1023,"0000
"
3758,1022,1023,"0000
"
3759,1023,1023,"0000
"
3760,1023,1022,"0000
"
3761,1023,1023,"0000
"
3762,1023,1022,"0000
"
3763,1022,1022,"0000
"
3764,1023,1023,"0000
"
3765,1023,1023,"0000
"
3766,1022,1023,"0000
"
3767,1023,1023,"0001
"
3768,1023,1023,"0000
"
3769,1023,1023,"0000
"
3770,1023,1023,"0001
"
3771,1023,1023,"0001
"
3772,1023,1023,"0000
"
3773,1022,1022,"0000
"
3774,1023,1023,"0000
"
3775,1023,1023,"0000
"
3776,1023,1023,"0000
"
3777,1023,1022,"0000
"
3778,1023,1023,"0000
"
3779,1023,1023,"0000
"
3780,1022,1023,"0000
"
3781,1022,1023,"0000
"
3782,1023,1023,"0000
"
3783,1023,1022,"0001
"
3784,1023,1023,"0000
"
3785,1023,1023,"0000
"
3786,1023,1023,"0000
"
3787,1022,1023,"0001
"
3788,1023,1023,"0000
"
3789,1023,1023,"0000
"
3790,1022,1023,"0000
"
3791,1023,1022,"0000
"
3792,1023,1022,"0000
"
3793,1023,1023,"0000
"
3794,1023,1023,"0000
"
3795,1023,1023,"0000
"
3796,1023,1023,"0000
"
3797,1023,1023,"0000
"
3798,1022,1023,"0000
"
3799,1023,1023,"0000
"
3800,1023,1023,"0000
"
3801,1022,1023,"0000
"
3802,1022,1022,"0000
"
3803,1022,1023,"0000
"
3804,1023,1023,"0000
"
3805,1023,1023,"0000
"
3806,1023,1023,"0000
"
3807,1023,1023,"0000
"
3808,1023,1023,"0000
"
3809,1023,1023,"0000
"
3810,1023,1023,"0000
"
3811,1023,1023,"0000
"
3812,1022,1023,"0000
"
3813,1022,1023,"0000
"
3814,1023,1023,"0000
"
3815,1023,1023,"0000
"
3816,1023,1023,"0000
"
3817,1023,1023,"0000
"
3818,1023,1022,"0000
"
3819,1023,1022,"0000
"
3820,1022,1023,"0000
"
3821,1022,1023,"0000
"
3822,1022,1023,"0000
"
3823,1022,1022,"0000
"
3824,1023,1023,"0000
"
3825,1023,1023,"0000
"
3826,1023,1022,"0000
"
3827,1022,1023,"0000
"
3828,1022,1023,"0000
"
3829,1023,1023,"0000
"
3830,1023,1023,"0000
"
3831,1023,1022,"0000
"
3832,1022,1023,"0000
"
3833,1023,1023,"0000
"
3834,1022,1023,"0000
"
3835,1023,1023,"0000
"
3836,1023,1022,"0001
"
3837,1022,1023,"0000
"
3838,1022,1023,"0000
"
3839,1023,1023,"0000
"
3840,1023,1022,"0000
"
3841,1022,1023,"0000
"
3842,1023,1023,"0000
"
3843,1022,1023,"0000
"
3844,1023,1022,"0000
"
3845,1023,1023,"0000
"
3846,1023,1023,"0000
"
3847,1023,1023,"0000
"
3848,1023,1023,"0000
"
3849,1023,1023,"0000
"
3850,1023,1023,"0000
"
3851,1023,1023,"0000
"
3852,1023,1023,"0000
"
3853,1022,1023,"0000
"
3854,1023,1023,"0000
"
